Excipient;Excipient (English);Chemical class;Functional category;Administration route;If po: bioavailability;Conclusion Ketoproof;Reviewer;Review date
* GEEN HULPSTOF AANWEZIG;* NO EXCIPIENT PRESENT;NA;;;;Yes;Laura N;16/06/2023
* GEEN HULPSTOF BEKEND;* NO EXCIPIENT KNOWN;NA;;;;Yes;Laura N;16/06/2023
AARDAPPELZETMEEL, GEMODIFICEERD;POTATO STARCH, MODIFIED;Starch;;;;No;Laura N;16/06/2023
AARDAPPELZETMEEL, VOORVERSTIJFSELD;POTATO STARCH, PREGELATINIZED;Starch;;;;No;Laura N;16/06/2023
ACETOGLYCERIDE;ACETOGLYCERIDE;Polyol (glyceride);;;;No;Laura N;25/07/2023
ACETYLCYSTEINE;ACETYLCYSTEINE;Organic acid?;API?;;;No;Laura N;25/07/2023
ACRYLZUURCOPOLYMEREN;ACRYLIC ACID COPOLYMERS;Polymeer;"Bioadhesive material; controlled-release agent; emulsifying agent; emulsion stabilizer; rheology modifier; stabilizing agent; suspending agent; tablet binder";Transdermal and oral (depakine chrono);;Yes;Laura N;25/07/2023
ALGELDRAAT, GELEREND;ALGINATE, GELLING;Polysaccharide;;;;No;Pascale;02/01/2024
AMMONIAK;AMMONIA;Inorganic compound;Buffering agent;;;Yes;Zikrullah;29/12/2023
APPELZUUR, L-;Malic ACID, L-;Organic acid;flavouring agent;;;No;Zikrullah;23/12/2023
ARACHIDE-OLIE;Arachis oil;Vet;;;;Yes;Eva;28/12/2023
ARGININE;ARGININE;Aminoacid;;;;Yes;Eva;28/12/2023
ARGININE HYDROCHLORIDE;ARGININE HYDROCHLORIDE;Aminoacid;;;;Yes;Eva;28/12/2023
ASCORBAAT NATRIUM;SODIUM ASCORBATE;Salt, organic acid;Antioxidant ;;;No;Zikrullah;23/12/2023
ASCORBINEZUUR;ASCORBIC ACID;Organic acid;;;;No;Laura N;30/11/2023
ASPARTAAM;ASPARTAM;;;;;Yes;Laura N;30/11/2023
AZIJNZUUR;ACETIC ACID;Organic acid;;;;No;Laura N;30/11/2023
BUTYLHYDROXYANISOL;BUTYLHYDROXYANISOLE;Phenol;Antioxidant ;Oraal, intramusculair (clozapine), cutaan, vaginaal, rectaal;Readily absorbed;No;Laura N;09/10/2023
BUTYLHYDROXYTOLUEEN;BUTYLHYDROXYTOLUENE;Phenol;Antioxidant ;Oculair, transdermaal, oromucosaal, oraal, nasaal, parenteraal, cutaan, intra-uterien, inhalatie;Readily absorbed;Yes;Lisa;27/12/2023
CALCIUMCHLORIDE;CALCIUM CHLORIDE;Inorganic salt;electrolyte;;;Yes;Gulcan;29/03/2024
CHINOLINEGEEL;QUINOLINE YELLOW;Dyes;Colouring agent;|OROMUCOSAAL|ORAAL|PARENTERAAL|CUTAAN|VAGINAAL;3-4%;Yes;Eva;28/12/2023
DINATRIUMWATERSTOFFOSFAAT 2-WATER;DISODIUM HYDROGEN PHOSPHATE 2-WATER;Phosphate;Buffer;OCULAIR|INTRAVESICAAL|SUBCUTAAN|INTRA-OCULAIR|OROMUCOSAAL|RECTAAL|INTRACAMERAAL|SUBRETINAAL|ORAAL|NASAAL|PARENTERAAL|LOKAAL|INTRAVENEUS, SUBCUTAAN|INTRA-ARTICULAIR, INTRALAESIONAAL|INTRA-ARTICULAIR|CUTAAN|INHALATIE;;Yes;Eva;28/12/2023
DISTEARYLFOSFATIDYLCHOLINE;DISTEARYLPHOSPHATIDYLCHOLINE;Phospholipid;Emulsifier  ;;;Yes;Eva;28/12/2023
EDETAAT DINATRIUM-0-WATER;EDETATE DISODIUM-0-WATER;Other;Chelating agent;;;Yes;Eva;28/12/2023
EDETAAT DINATRIUM-2-WATER;EDETATE DISODIUM-2-WATER;Other;Chelating agent;;;Yes;Eva;28/12/2023
ERYTROSINE 1-WATER;ERYTHROSINE 1-WATER;Organoiodine compound;Colouring agent;;;Yes;Zikrullah;29/12/2023
ETHANOL;ETHANOL;Alcohol;Solvent;OCULAIR|TRANSDERMAAL|RECTAAL|OROMUCOSAAL|NIET VAN TOEPASSING|SUBLINGUAAL|ORAAL|NASAAL|PARENTERAAL,ORAAL|PARENTERAAL|DENTAAL|ORAAL, RECTAAL|NIET GESPECIFICEERD OF MEERVOUDIG|CUTAAN|INTRAVENEUS|INHALATIE;;No;Eva;28/12/2023
FOSFATIDYLCHOLINE;PHOSPHATIDYLCHOLINE;Lipids;Emollient;;;Yes;Zikrullah;29/12/2023
FOSFORZUUR;PHOSPHORIC ACID;Acids, Inorganic;;;;Yes;Pascale;02/01/2024
FRAMBOZENESSENCE;RASPBERRY ESSENCE;Ketone;Flavouring agent;;;Yes;Zikrullah;29/12/2023
GELATINE;GELATIN;;;;;Yes;Laura N;30/11/2023
AZORUBINE;AZORUBINE;Naphthalenes;Colouring agent;;<10%;Yes;Laura N;09/10/2023
BANANENESSENCE;BANANA ESSENCE;NA;Flavouring agent;;;Yes;Laura N;09/10/2023
GLUCOSE 0-WATER;GLUCOSE;Suiker;;;;No;Laura N;30/11/2023
BARNSTEENZUUR;Succinic acid;Organic acid;;;;No;Laura N;09/10/2023
BENZALKONIUM CHLORIDE;BENZALKONIUM CHLORIDE;Quaternary ammonium;Antimicrobial;Parenteraal alleen in follitropine en celestone, niet in gebruik bij kinderen;8% (oral);Yes;Laura N;09/10/2023
GLYCEROL;GLYCEROL/GLYCERINE;Suikeralcohol;;;;No;Laura N;30/11/2023
GLYCINE;GLYCINE;Amino acid;;;;Yes;Pascale;02/01/2024
BENZOEZUUR;BENZOIC ACID;Organic acid;;;;No;Laura N;09/10/2023
GLYCOFUROL;GLYCOFUROL;Polyethylene glycols;"Penetration agent; solvent";;;Yes;Zikrullah;05/01/2024
BENZYLALCOHOL;BENZYL ALCOHOL;Organic acid;;;;No;Laura N;09/10/2023
HYDROXYMETHAANSULFINAAT NATRIUM-0-WATER;HYDROXYMETHANESULFINATE SODIUM-0-WATER;Metal salts, organic acids;antioxidant;;;No;Zikrullah;05/01/2024
HYDROXYMETHAANSULFINAAT NATRIUM-2-WATER;HYDROXYMETHANESULFINATE SODIUM-2-WATER;Metal salts, organic acids;antioxidant;;;No;Zikrullah;05/01/2024
HYDROXYPROPYLBETADEX;HYDROXYPROPYLBETADEX;Carbohydrate, heptasaccharide;Complexing agent, dissolution enhancer, release-modifying agent;;;No;Zikrullah;05/01/2024
BOORZUUR;Boric Acid;Inorganic acid;Antimicrobial preservative, buffer;Voornamelijk oculair;;Yes;Laura N;09/10/2023
BORAX 10-WATER;BORAX 10-hydrate;Salt, inorganic acid ;"Alkalizing agent; antimicrobial preservative; buffering agent; disinfectant; emulsifying agent; stabilizing agent.";Voornamelijk oculair, IV/IM voor vaccinatie;;Yes;Laura N;09/10/2023
HYETELLOSE;Hydroxyethyl cellulose ;"Cellulose derivate; polysaccharide";"Coating agent, suspending agent; tablet binder; thickening agent; viscosity-increasing agent";;;Yes;Zikrullah;05/01/2024
HYPROMELLOSE;HYPROMELLOSE;"Cellulose derivate; polysaccharide";"Bioadhesive material; coating agent; dispersing agent; dissolution enhancer";;;Yes;Zikrullah;05/01/2024
ISOPROPANOL;ISOPROPANOL;Alcohol;;;;No;Zikrullah;02/02/2024
KALIUMDIWATERSTOFFOSFAAT;POTASSIUM DIHYDROGEN PHOSPHATE;Salt;Buffer;;;Yes;;
CALCIUMCARBONAAT;CALCIUM CARBONATE;Salt, inorganic acid;bulking agent;;;Yes;Gulcan/Laura N;27/12/2024
KALIUMHYDROXIDE;POTASSIUM HYDROXIDE;Inorganic salt;Base;;;Yes;;
LACTOSE;LACTOSE;Suiker;;;;No;Laura N;30/11/2023
LACTOSE 0-WATER;LACTOSE ;Suiker;;;;No;Laura N;30/11/2023
CALCIUMFOSFAAT;CALCIUM PHOSPHATE;Salt;diluent, fillers, binders and disintegrants;;;yes;Gulcan;
LACTOSE 1-WATER;LACTOSE monohydrate ;Suiker;;;;No;Laura N;30/11/2023
CALCIUMHYDROXIDE;CALCIUM HYDROXIDE;inoragnic;pH adjuster;;;yes;Gulcan;
CALCIUMSULFAAT 2-WATER;CALCIUM SULFATE 2-hydrate;mineral;filler, binder and disintegrant;;;yes;Gulcan;
MACROGOL;MACROGOL;Polymer (polyethylene glycol polymer);Laxative or emolient;;;Yes;Samir;
MACROGOL   (MOLECUULGEWICHT ONBEKEND);MACROGOL (MOLECULAR WEIGHT UNKNOWN);Polymer (polyethylene glycol polymer);Laxative or emolient;;;Yes;Samir;
MACROGOL   300;MACROGOL 300;Polymer (polyethylene glycol polymer);Laxative or emolient;;;Yes;Samir;
MACROGOL   400;MACROGOL 400;Polymer (polyethylene glycol polymer);Laxative or emolient;;;Yes;Samir;
CARBOXYMETHYLZETMEEL NATRIUM;CARBOXYMETHYL STARCH SODIUM;Zetmeel;Binder, disintegrant and thickener;Oraal, rectaal, vaginaal;;No;Gulcan;
CARMELLOSE NATRIUM;CARMELLOSE SODIUM;anionic polymeer/salt;thinkener, stabilizer, viscosity-increasing agent;;;Yes;Gulcan;
CARMELLOSE POLYMEER;CARMELLOSE POLYMER;anionic polymeer;thinkener, stabilizer, viscosity-increasing agent;;;Yes;Gulcan;
CELLULOSE, MICROKRISTALLIJN;CELLULOSE, MICROCRYSTALLINE;Carbohydrate;filler, binder, and disintegrant;;;Yes;Gulcan;
MACROGOL   600;MACROGOL 600;Polymer (polyethylene glycol polymer);Laxative or emolient;;;Yes;Samir;
MACROGOL  3350;MACROGOL 3350;Polymer (polyethylene glycol polymer);Laxative or emolient;;;Yes;Samir;
MACROGOL  4000;MACROGOL 4000;Polymer (polyethylene glycol polymer);Laxative or emolient;;;Yes;Samir;
MACROGOL  8000;MACROGOL 8000;Polymer (polyethylene glycol polymer);Laxative or emolient;;;Yes;Samir;
MELKEIWIT;MILK PROTEIN;Eiwit;;;;yes;Bregje Witjes;24/01/2024
MELKZUUR;LACTIC ACID;Hydroxy Acids;pH;;;NO;Bregje Witjes;24/01/2024
METHACRYLZUURCOPOLYMEREN;METHACRYLIC ACID COPOLYMERS;Copolymeer;film coating;;;Yes;Bregje Witjes;24/01/2024
CHOLESTEROL;CHOLESTEROL;Sterol (lipid);;;;Yes;Samir;10/06/2023
METHYLPARAHYDROXYBENZOAAT;METHYL PARAHYDROXYBENZOATE;Ester of 4-hydroxybenzoic acid with methanol;Antimicrobial ;;;No;Tim P;22/01/2024
MIDDELLANGEKETENTRIGLYCERIDEN;MEDIUM-CHAIN TRIGLYCERIDES;Triglyceriden;veelal werkzame stof;;;Yes;Bregje Witjes;24/01/2024
CITROENZUUR;CITRIC ACID;Organic acid;;;;No;Samir;10/06/2023
CITROENZUUR 0-WATER;CITRIC ACID ;Organic acid;;;;No;Samir;10/06/2023
CITROENZUUR 1-WATER;Citric Acid Monohydrate;Organic acid;;;;No;Samir;10/06/2023
MIRIPIRIUM CHLORIDE;MIRIPIRIUM CHLORIDE;Quaternary ammonium;Preservative;Parenteraal ;;Yes;Tim P;22/01/2024
NATRIUMACETAAT 0-WATER;SODIUM ACETATE 0-WATER;Salt, organic acid;Buffer;;;No;Bregje Witjes;24/01/2024
NATRIUMACETAAT 3-WATER;SODIUM ACETATE 3-WATER;Salt, organic acid;Buffer;;;No;Bregje Witjes;24/01/2024
NATRIUMCARBONAAT 0-WATER;SODIUM CARBONATE 0-WATER;Salt, inorganic acid;Buffer;;;Yes;Bregje Witjes/Laura N;27/12/2024
CYSTEINE;CYSTEINE;Aminoacid;;;;Yes;Samir;24/01/2024
NATRIUMCHLORIDE;SODIUM CHLORIDE;Metal, inorganic;Food additive, stabilizer, thickener;;;Yes;Tuan;24/01/2024
CYSTEINE HYDROCHLORIDE-1-WATER;CYSTEINE HYDROCHLORIDE-1-WATER;Aminoacid;;;;Yes;Samir;10/06/2023
NATRIUMCITRAAT;SODIUM CITRATE;Salt, organic acid;;;;No;Tuan;10/01/2024
NATRIUMCITRAAT 0-WATER;SODIUM CITRATE 0-WATER;Salt, organic acid;Buffer;;;No;Bregje Witjes;24/01/2024
NATRIUMCITRAAT 2-WATER;SODIUM CITRATE 2-WATER;Salt, organic acid;Buffer;;;No;Bregje Witjes;24/01/2024
NATRIUMDIWATERSTOFFOSFAAT 0-WATER;SODIUM DIHYDROGEN PHOSPHATE 0-WATER;Salt;Buffer;;;Yes;Bregje Witjes;24/01/2024
NATRIUMDIWATERSTOFFOSFAAT 1-WATER;SODIUM DIHYDROGEN PHOSPHATE 1-WATER;Salt;Buffer;;;Yes;Bregje Witjes;24/01/2024
NATRIUMDIWATERSTOFFOSFAAT 2-WATER;SODIUM DIHYDROGEN PHOSPHATE 2-WATER;Salt;Buffer;;;Yes;Bregje Witjes;24/01/2024
NATRIUMHYDROXIDE;SODIUM HYDROXIDE;Salt;pH;;;Yes;Bregje Witjes;24/01/2024
NATRIUMLACTAAT;SODIUM LACTATE;Organic acids, metal salts;;;;No;Tuan;10/01/2024
DIKALIUMWATERSTOFFOSFAAT;DIPOTASSIUM HYDROGEN PHOSPHATE;Salt;Buffer, stabilizer;;;Yes;Samir;10/06/2023
NATRIUMLAURYLSULFAAT;SODIUM LAURYL SULFATE;Salt;Buffer;;;Yes;Bregje Witjes;24/01/2024
NATRIUMMETABISULFIET;SODIUM METABISULFITE;Salt;Conservering;;;Yes;Bregje Witjes;24/01/2024
DIMETHYLSULFOXIDE;DIMETHYL SULFOXIDE;Organosulfur compound;Solvent;;;Yes;Samir;24/01/2024
DIMETICON;DIMETICON;;anti-foaming, surfectant;;None;Yes;Samir;10/06/2023
NATRIUMWATERSTOFCARBONAAT;SODIUM HYDROGEN CARBONATE;Salt, inorganic acid;Buffer;;;Yes;Bregje Witjes/Laura N;27/12/2024
OCTOXINOL 9;Octoxynol-9;Polyoxyethylenes;Surfactant;Oraal, oculair, parenteraal;;Yes;Tim P;24/01/2024
OLIEZUUR;OLIVE ACID;Oleic Acid;Emulsifier, skin penetrant;;;Yes;Tim P;24/01/2024
OVOLECITHINE;ovo- lecithin;;;;;Yes;Tim P;22/01/2024
PARAFFINE, VLOEIBAAR;KEROSENE, LIQUID;;;;;Yes;Tim P;22/01/2024
DINATRIUMWATERSTOFFOSFAAT 0-WATER;DISODIUM HYDROGEN PHOSPHATE 0-WATER;Inorganic salt;Buffer;;;Yes;Samir;10/06/2023
DINATRIUMWATERSTOFFOSFAAT 12-WATER;DISODIUM HYDROGEN PHOSPHATE 12-WATER;Inorganic salt;Buffer;;;Yes;Samir;10/06/2023
PARFUM, NIET GESPECIFICEERD;PERFUME, UNSPECIFIED;NA;;;;Yes;Laura N;30/11/2023
PEPERMUNTESSENCE;PEPPERMINT ESSENCE;;;;;Yes;Tim P;22/01/2024
POLOXAMEER;POLOXAMEER;? copolymeer van ethylene oxide en propylene oxide;;;;Yes;Tim P;22/01/2024
POLOXAMEER 188;POLOXAMEER 188;? copolymeer van ethylene oxide en propylene oxide;;;;Yes;Tim P;22/01/2024
POLOXAMEER 407;POLOXAMEER 407;? copolymeer van ethylene oxide en propylene oxide;;;;Yes;Tim P;22/01/2024
POLYLACTIDECOGLYCOLIDE;Poly lactide-co-glycolide;Aliphatic polyester;copolymer;;;No;Zikrullah;02/02/2024
POLYOXYETHYLEENGLYCEROLTRIRICINOLEAAT 35;POLYOXYETHYLENE GLYCEROL TRIRICINOLEATE 35;UVCB, polyethoxylated castor oil;Non-ionic surfactant, solubulization agent;Oraal, oculair, parenteraal, intra-uterien;;Yes;Zikrullah;02/02/2024
POLYSORBAAT 20;POLYSORBAATE 20;Polyoxyethylene sorbitan fatty acid ester;"Dispersing agent; emulsifying agent; nonionic surfactant; solubilizing agent; suspending agent; wetting agent";;;Yes;Tim P;22/01/2024
POLYSORBAAT 80;POLYSORBAATE 80;Polyoxyethylene sorbitan fatty acid ester;"Dispersing agent; emulsifying agent; nonionic surfactant; solubilizing agent; suspending agent; wetting agent";;;Yes;Tim P;22/01/2024
POVIDON;POVIDON;Polymer;"Disintegrant; dissolution enhancer; suspending agent; tablet binder. ";Met name oraal, ook parenteraal, oculair, transdermaal, rectaal, intraperitoneaal, intra-uterien, inhalatie. ;;Yes;Tim P;22/01/2024
PROPYLEENGLYCOL;PROPYLENE GLYCOL;;;;;No;Laura N;30/11/2023
PROPYLPARAHYDROXYBENZOAAT;PROPYL PARAHYDROXYBENZOATE;Paraben ester;Preservative;;;No;Zikrullah;02/02/2024
RICINUSOLIE, GEHYDROGENEERD;CASTOR OIL, HYDROGENATED;Plant oil;Emulsifier;;;Yes;Zikrullah;02/02/2024
SACCHARINE;SACCHARINE;;;;;Yes;Laura N;30/11/2023
SACCHAROSE;SACCHAROSE/Sucrose;Suiker;;;;No;Laura N;30/11/2023
SILICIUMDIOXIDE;SILICON DIOXIDE;Inorganic ;"Adsorbent; dispersing agent";;;Yes;Marit;07/02/2024
SOJALECITHINE;SOY LECITHIN;Lipid;Surfectant and emulsifier;;;Yes;Zikrullah;06/03/2024
SOJAOLIE, GEZUIVERD;SOYBEAN OIL, PURIFIED;Lipid;"Oleaginous vehicle; solvent";;;Yes;Zikrullah;06/03/2024
SORBITOL;SORBITOL;Sugar alcohol;antiseptic, cosolvens;;;No;Laura N;30/11/2023
STEARINEZUUR;STEARIC ACID;Unambiguous lipids / stearates;Surfactant;;;Yes;Dieuwertje;16/01/2024
STIKSTOF;NITROGEN;Toxic Gases & Vapors ;;;;Yes;Dieuwertje;16/01/2024
TALK;TALC;Mineral dust;;;;Yes;Dieuwertje;16/01/2024
TITAANDIOXIDE;titanium dioxide;Metal;;;;Yes;Dieuwertje;16/01/2024
TOCOFEROL, DL-ALFA-;TOCOPHEROL, D-ALPHA-;API;Unknown;"Antioxident; API";;Yes;Dieuwertje;16/01/2024
TRIACETINE;TRIACETIN;Ester > triglyceride;;;;Yes;Dieuwertje;16/01/2024
TRIETHYLCITRAAT;TRIETHYL CITRATE;Organic acid;"Plasticizer; solvent.";;;No;Zikrullah;06/03/2024
TRINATRIUMFOSFAAT;TRISODIUM PHOSPHATE;Metallic Salts;"Buffering agent; sequestering agent";;;Yes;Zikrullah;06/03/2024
TROMETAMOL;TROMETAMOL;Base;Buffer ;;;Yes;Zikrullah;06/03/2024
TYLOXAPOL;TYLOXAPOL;Polymer of the alkyl aryl polyether alcohol type;Surfactant;;;Yes;Manon den Uil;13/03/2024
VET, VAST;FAT, FIXED;Vet;;;;Yes;Laura N;30/11/2023
WATER VOOR INJECTIES;WATER FOR INJECTIONS;NA;;;;Yes;Laura N;30/11/2023
WATER, GEZUIVERD;WATER, PURIFIED;NA;;;;Yes;Laura N;30/11/2023
WATER, GEZUIVERD (GEDESTILLEERD);WATER, PURIFIED (DISTILLED);NA;;;;Yes;Laura N;30/11/2023
WIJNSTEENZUUR;WINE SOURCE;Organic acid;;;;No;Laura N;30/11/2023
XYLITOL;XYLITOL;Sugar alcohol;;;;No;Laura N;30/11/2023
ZINKOXIDE;ZINKOXIDE;Inorganic ;;;;Yes;Manon den Uil;13/03/2024
ZONNEGEEL;SUN SODIUM;Organic azo compound;Coloring agent;;;Yes;Marit;07/02/2024
ZOUTZUUR;HYDROCHLORIC ACID;Inorganic acid ;Acid;;;Yes;Manon den Uil;13/03/2024
ZWAVELZUUR;SULPHURIC ACID ;Inorganic acid ;Acid;;;Yes;Manon den Uil;13/03/2024
MACROGOL  1500;MACROGOL 1500;Osmotic laxative;water-soluble lubricant;Primarily rectal;;Yes;Zikrullah;11/12/2023
MAGNESIUMSTEARAAT;MAGNESIUM STEARATE;Stearates ;Emulsifier, lubricant and binder;Oral;;Yes;Zikrullah;11/12/2023
MAISZETMEEL;CORN STARCH;Organic polymer, polysacharide;Binder, disintegrant and thickening agent;Oral;;No;Zikrullah;11/12/2023
MANNITOL;MANNITOL;Sugar alcohol;Sweetening agent;Oral;> 20%;No;Zikrullah;11/12/2023
MEGLUMINE;Meglumine;Sugar alcohol;Counterion/pH-adjuster and solubilizing agent;Oral;;No;Zikrullah;11/12/2023
* GEEN CONSERVEERMIDDEL AANWEZIG;* NO PRESERVATIVE PRESENT;NA;;;;Yes;Laura N;16/06/2023
ACETYLTRYPTOFAAN, DL-;ACETYLTRYPTOPHAN, DL-;Amino acid;;;;Yes;Laura N;25/07/2023
ACETYLTRYPTOFAAN, DL- NATRIUM;ACETYLTRYPTOPHAN, DL- SODIUM;Amino acid;;;;Yes;Laura N;25/07/2023
ALUMINIUMFOSFAAT X-WATER;hydrated aluminium phosphate;Salt, inorganic;Vaccine adjuvant;"intramuscular; subcutanous";;Yes;Gulcan;24/08/2023
ALUMINIUMHYDROXYFOSFAATSULFAAT, AMORF;ALUMINUM HYDROXYPHOSPHATE SULFATE, AMORPHOUS;Aluminium salt and sulfuric acid;Vaccine adjuvant;"intramuscular; subcutanous";;Yes;Gulcan;24/08/2023
ADIPINEZUUR;ADIPIC ACID;Organic acid ;"Acidifying agent; buffering agent; flavoring agent.";;;No;Manon den Uil;28/03/2024
ALANINE;ALANINE;Amino acid ;;;;No;Manon den Uil;28/03/2024
ALBUMINE;ALBUMINE;Protein;"Stabilizing agent; therapeutic agent.";;;Yes;Manon den Uil;28/03/2024
AMANDELZUUR;MANDELIC ACID;Organic acid ;;;;No;Manon den Uil;28/03/2024
AMFOTERICINE B;AMPHOTERICIN B (API);API;;;;Yes;Manon den Uil;28/03/2024
AMINOBENZOAAT NATRIUM;AMINOBENZOATE SODIUM;Benzoic acid ;Vitamin;;;Yes;Manon den Uil;28/03/2024
AMINOZURENMENGSEL;AMINO ACID MIXTURE;Amino acid ;;;;No;Manon den Uil;28/03/2024
AMMONIUMACETAAT;AMMONIUM ACETATE;Salt, organic acid;Buffer;;;No;Manon den Uil;28/03/2024
AMMONIUMSULFAAT;AMMONIUM SULFATE;Salt, inorganic acid;Acidifying agent ;Cutaan, parenteraal voor PEGyleerde doxorubicine;;Yes;Manon den Uil;28/03/2024
ANTITROMBINE III;ANTITHROMBIN III (API);API;;;;Yes;Manon den Uil;28/03/2024
AS01B-ADJUVANS;AS01B-ADJUVANTS;Lipid;;;;Yes;Manon den Uil;28/03/2024
ASCORBYLPALMITAAT;ASCORBYL PALMITATE;Fatty acid ester;antioxidant ;;;No;Manon den Uil;28/03/2024
ASPARAGINE 1-WATER;ASPARAGINE 1-hydrate;Amino acid ;;;;No;Manon den Uil;28/03/2024
ASPARTINEZUUR;ASPARTIC ACID;Amino acid ;;;;No;Manon den Uil;28/03/2024
BARIUMSULFAAT;BARIUM SULFAAT;Salt, inorganic  ;Contrast agent;Intra-uterien, cement voor protheses;;Yes;Manon den Uil;28/03/2024
BENZEENSULFONZUUR;BENZENESULFONIC ACID;;;;;;;
BENZETHONIUM CHLORIDE;BENZETHONIUM CHLORIDE;;;;;;;
BENZOYLPEROXIDE;BENZOYL PEROXIDE;;;;;;;
BENZYLBENZOAAT;BENZYL BENZOATE;;;;;;;
BENZYLPENICILLINE NATRIUM;BENZYLPENICILLIN SODIUM;API;;;;Yes;Manon den Uil;28/03/2024
BIERGIST PREPARAAT;BREWER'S YEAST PREPARATION;Unknown or variable composition;API;;;Yes;Manon den Uil;18/04/2024
BUTEDRONAAT TETRANATRIUM;Butedronate tetrasodium;;;;;;;
CALCIUMACETAAT 0-WATER;CALCIUM ACETATE 0-WATER;Salt, organic acid;Buffer;;;No;Manon den Uil;28/03/2024
CALCIUMCHLORIDE 0-WATER;CALCIUM CHLORIDE 0-WATER;Metallic Salts;"Antimicrobial preservative; therapeutic agent; water-absorbing agent";;;Yes;Manon den Uil;28/03/2024
CALCIUMCHLORIDE 2-WATER;CALCIUM CHLORIDE 2-hydrate;Metallic Salts;"Antimicrobial preservative; therapeutic agent; water-absorbing agent";;;Yes;Manon den Uil;28/03/2024
CALCIUMGLUCEPTAAT;CALCIUM GLUCEPTATE;;;;;;;
CALCOBUTROL NATRIUM;CALCOBUTROL SODIUM;;;;;;;
CALDIAMIDE NATRIUM;CALDIAMIDE SODIUM;;;;;;;
CALOXETAAT TRINATRIUM;CALOXETATE TRISODIUM;;;;;;;
CALTERIDOL CALCIUM;CALCIUM CALTERIDOL;;;;;;;
CETRIMONIUM BROMIDE;CETRIMONIUM BROMIDE;;;;;;;
CHLOORBUTANOL;CHLOROBUTANOL;;;;;;;
CHLOORBUTANOL 0.5-WATER;CHLOROBUTANOL hemihydrate;;;;;;;
CHLOORBUTANOL 0-WATER;CHLOROBUTANOL;;;;;;;
CHLOORTETRACYCLINE HYDROCHLORIDE;CHLOROTETRACYCLINE HYDROCHLORIDE;;;;;;;
CHLOROFYL;CHLOROFYL;;;;;;;
CHOLESTEROL SULFAATNATRIUM;CHOLESTEROL SULFATE SODIUM;;;;;;;
CHROOMEDETAAT;CHROMIUM EDETATE;;;;;;;
COLFOSCERIL PALMITAAT;COLFOSCERIL PALMITATE;;;;;;;
CREATININE;CREATININE;;;;;;;
CRESOL, M-;CRESOL, M-;;;;;;;
CRYOSTOR CS10;CRYOSTOR CS10;;;;;;;
CYSTEINE HYDROCHLORIDE-0-WATER;CYSTEINE HYDROCHLORIDE-0-WATER;Salt, amino acid;;;;No;Manon den Uil;05/04/2024
DARATUMUMAB 1800 MG;DARATUMUMAB 1800 MG;API;;;;Yes;Manon den Uil;05/04/2024
DEOXYCHOLAAT NATRIUM;DEOXYCHOLATE SODIUM;;;;;;;
DESACYL-4-MONOFOSFORYLLIPIDE A, 3-O-;DESACYL-4-MONOPHOSPHORYL LIPID A, 3-O-;;Adjuvans;;;Yes;Manon den Uil;18/04/2024
DEXTRAN 40;DEXTRAN 40;Polysaccharide;;;;No;Manon den Uil;18/04/2024
DEXTRAN 70;DEXTRAN 70;Polysaccharide;;;;No;Manon den Uil;18/04/2024
DIERUCOYLFOSFATIDYLCHOLINE;DIERUCOYLPHOSPHATIDYLCHOLINE;;;;;;;
DIFTERIE-CRM197-EIWIT;DIPHTHERIA-CRM197 PROTEIN;;Adjuvans;;;Yes;Manon den Uil;18/04/2024
DIFTERIETOXOIDE;DIPHTHERIA TOXOID;API;;;;Yes;Manon den Uil;10/04/2024
DIMETHYLACEETAMIDE;DIMETHYLACETAMIDE;;;;;;;
DIMETHYLPARATOLUIDINE;DIMETHYL-P-TOLUIDINE;;;;;;;
DIMYRISTOYLFOSFATIDYLCHOLINE, L-ALFA;DIMYRISTOYLPHOSPHATIDYLCHOLINE, L-ALPHA;;;;;;;
DIMYRISTOYLFOSFATIDYLGLYCEROL, L-ALFA AMMONIUM;DIMYRISTOYLPHOSPHATIDYLGLYCEROL, L-ALPHA AMMONIUM;;;;;;;
DIMYRISTOYLFOSFATIDYLGLYCEROL, L-ALFA NATRIUM;DIMYRISTOYLPHOSPHATIDYLGLYCEROL, L-ALPHA SODIUM;;;;;;;
DINATRIUMSUCCINAAT;DISODIUM SUCCINATE;;;;;;;
DINATRIUMSUCCINAAT 6-WATER;DISODIUM SUCCINATE 6-WATER;;;;;;;
DINATRIUMWATERSTOFFOSFAAT 7-WATER;DISODIUM HYDROGEN PHOSPHATE 7-WATER;Salt ;Buffering agent;;;Yes;Manon den Uil;15/03/2024
DIOLEYLFOSFATIDYLCHOLINE;Dioleoylphosphatidylcholine;;;;;;;
DIOLEYLFOSFATIDYLSERINE NATRIUM;DIOLEYLPHOSPHATIDYLSERINE SODIUM;;;;;;;
DIPALMITOYLFOSFATIDYLGLYCEROL;DIPALMITOYLPHOSPHATIDYLGLYCEROL;;;;;;;
DIPALMITOYLFOSFATIDYLGLYCEROL NATRIUM;DIPALMITOYLPHOSPHATIDYLGLYCEROL SODIUM;;;;;;;
DISTEARYLFOSFATIDYLGLYCEROL;DISTEARYLPHOSPHATIDYLGLYCEROL;;;;;;;
DLIN-MC3-DMA;DLIN-MC3-DMA;;;;;;;
DULBECCO'S MODIFIED EAGLE MEDIUM;DULBECCO'S MODIFIED EAGLE MEDIUM;;;;;;;
EDETINEZUUR;EDETIC ACID;;;;;;;
EDOTREOTIDE;EDOTREOTIDE;;;;;;;
ETHANOLAMINE;ETHANOLAMINE;;;;;;;
ETHYLEENVINYLACETAATCOPOLYMEER;ETHYLENE VINYL ACETATE COPOLYMER;;;;;;;
ETHYLOLEAAT;ETHYL OLEATE;;;;;;;
EXAMETAZIM;EXAMETAZIME;;;;;;;
FENANTROLINE, 1,10-;PHENANTHROLINE, 1,10-;;;;;;;
FENOL;Phenol;;;;;;;
FENOLSULFONFTALEINE;PHENOL SULFONPHTHALEIN;;;;;;;
FENOXYETHANOL;FENOXYETHANOL;;;;;;;
FENYLALANINE;PHENYLALANINE;Amino acid ;;;;No;Manon den Uil;08/04/2024
FERRIAMMONIUMCITRAAT;FERRIAMMONIUM CITRATE;Salt, organic acid;;;;No;Manon den Uil;08/04/2024
FORMALDEHYDE;FORMALDEHYDE;;;;;;;
FOSFATIDYLETHANOLAMINE;PHOSPHATIDYLETHANOLAMINE;;;;;;;
FRUCTOSE;FRUCTOSE;Suiker;;;;No;Laura N;30/11/2023
GENTAMICINE SULFAAT;GENTAMICIN SULFATE;API;;;;Yes;Manon den Uil;08/04/2024
GENTISINEZUUR;GENTICIN ACID;;;;;;;
GLUCONOLACTON;GLUCONOLACTONE;;;;;;;
GLUCOSE;GLUCOSE;Suiker;;;;No;Laura N;30/11/2023
GLUCOSE 1-WATER;glucose monohydrate;Suiker;;;;No;Laura N;30/11/2023
GLUTAMAAT KALIUM;GLUTAMATE POTASSIUM;Salt, amino acid;;;;No;Manon den Uil;05/04/2024
GLUTAMAAT NATRIUM-0-WATER;GLUTAMATE SODIUM-0-WATER;Salt, amino acid;;;;No;Manon den Uil;05/04/2024
GLUTAMAAT NATRIUM-1-WATER;GLUTAMATE SODIUM-1-WATER;Salt, amino acid;;;;No;Manon den Uil;05/04/2024
GLUTAMINEZUUR;GLUTAMINE ACID;Amino acid ;;;;No;Manon den Uil;05/04/2024
GLUTARAL;Glutaraldehyde ;;;;;;;
GLUTATHION;GLUTATHION;;;;;;;
GLYCERYLTRIOCTANOAAT;Glyceryl trioctanoate;Fatty acid (ester with glycerin);Emulsifier;;;No;Manon den Uil;27/03/2024
GLYCINE HYDROCHLORIDE;GLYCINE HYDROCHLORIDE;Salt, amino acid;;;;No;Manon den Uil;05/04/2024
GLYCOCHOLAAT NATRIUM;Sodium glycocholate;;;;;;;
GLYCOCHOLZUUR;GLYCOCHOLIC ACID;Organic acid;;;;No;Laura N;30/12/2024
GLYCYLGLYCINE;GLYCYLGLYCINE ;;;;;;;
HAEMOPHILUS INFLUENZAE;HAEMOPHILUS INFLUENZAE (bacteria);API;;;;Yes;Manon den Uil;08/04/2024
HEPARINE NATRIUM;HEPARIN SODIUM;API;;;;Yes;Manon den Uil;08/04/2024
HEPES;HEPES;;;;;;;
HISTIDINE;HISTIDINE;Amino acid ;;;;No;Manon den Uil;05/04/2024
HISTIDINE HYDROCHLORIDE-0-WATER;HISTIDINE HYDROCHLORIDE-0-WATER;Salt, amino acid;;;;No;Manon den Uil;05/04/2024
HISTIDINE HYDROCHLORIDE-1-WATER;HISTIDINE HYDROCHLORIDE-1-WATER;Salt, amino acid;;;;No;Manon den Uil;05/04/2024
HYALURONIDASE;HYALURONIDASE;API;;;;Yes;Manon den Uil;08/04/2024
HYDROCHINON;HYDROCHINON;;;;;;;
IBRITUMOMAB TIUXETAN;IBRITUMOMAB TIUXETAN;API;;;;Yes;Manon den Uil;08/04/2024
INFLUENZAVIRUS A/SINGAPORE/6/86 (H1N1), GESPLITST;INFLUENZA VIRUS A/SINGAPORE/6/86 (H1N1), SPLICED;API;;;;Yes;Manon den Uil;08/04/2024
INOSITOL;INOSITOL;;;;;;;
ISOLEUCINE;ISOLEUCIN;Amino acid ;;;;No;Manon den Uil;05/04/2024
JOBENGUAAN;Iobenguane;;;;;;;
JOLOPRIDE;JOLOPRIDE;;;;;;;
KALIUMCARBONAAT X-WATER;POTASSIUM CARBONATE X-WATER;Salt, inorganic acid;;;;Yes;Manon den Uil/Laura N;27/12/2024
KALIUMCHLORIDE;POTASSIUM CHLORIDE;Metallic salt;API, Tonicity agent;;;Yes;Manon den Uil;05/04/2024
KALIUMNATRIUMTARTRAAT 4-WATER;POTASSIUM SODIUM TARTRATE 4-WATER;;;;;;;
KALIUMTHIOCYANAAT;POTASSIUM THIOCYANATE;;;;;;;
KANAMYCINE SULFAAT-1-WATER;KANAMYCIN SULFATE-1-WATER;;;;;;;
KOOLDIOXIDE;CARBON DIOXIDE;;;;;;;
KOPER(II)GLUCONAAT;COPPER(II)GLUCONATE;;;;;;;
LAURINEZUUR;LAURIC ACID;Fatty acid;;;;Yes;Manon den Uil;08/04/2024
LEUCINE;LEUCINE;Amino acid;;;;Yes;Manon den Uil;02/04/2024
LEVOMENTHOL;LEVOMENTHOL;;;;;;;
LEXIDRONAM 1-WATER;LEXIDRONAM 1-WATER;;;;;;;
LEXIDRONAM CALCIUM-NATRIUMZOUT;LEXIDRONAM CALCIUM SODIUM SALT;;;;;;;
LYSINE;LYSINE;Amino acid;;;;Yes;Manon den Uil;02/04/2024
LYSINE HYDROCHLORIDE;LYSINE HYDROCHLORIDE;Salt, amino acid;;;;Yes;Manon den Uil;05/04/2024
MACROGOLSTEARAAT;MACROGOLSTEARATE;Polyethyleenglycol + fatty acid;"Dissolution enhancer; nonionic surfactant; solubilizing agent; stabilizing agent";;;Yes;Manon den Uil;05/04/2024
MACROSALB;MACROSALB;;;;;;;
MAGNESIUMCHLORIDE;MAGNESIUM CHLORIDE;Metallic salt;Tonicity agent ;;;Yes;Manon den Uil;05/04/2024
MAGNESIUMCHLORIDE (ALS 6-WATER);MAGNESIUM CHLORIDE (AS 6-WATER);Metallic salt;Tonicity agent ;;;Yes;Manon den Uil;05/04/2024
MAGNESIUMCHLORIDE 6-WATER;MAGNESIUM CHLORIDE 6-WATER;Metallic salt;Tonicity agent ;;;Yes;Manon den Uil;05/04/2024
MAGNESIUMSULFAAT (ALS 7-WATER);MAGNESIUM SULFATE (AS 7-WATER);;;;;;;
MAGNESIUMSULFAAT 7-WATER;MAGNESIUM SULFATE 7-WATER;;;;;;;
MALEINEZUUR;MALEIC ACID;Organic acid;;;;No;Manon den Uil;08/04/2024
MALTOSE;MALTOSE;Suiker;;;;No;Laura N;30/11/2023
MALTOSE 1-WATER;MALTOSE hydrate;Suiker;;;;No;Laura N;30/11/2023
MEBROFENINE;MEBROFENIN;API;;;;Yes;Manon den Uil;08/04/2024
MEDIUM 199 VOOR VACCINS;MEDIUM 199 FOR VACCINES;;;;;;;
MEDRONAAT DINATRIUM;MEDRONATE DISODIUM;;;;;;;
MELKZUURGLYCOLZUURCOPOLYMEER;poly(D,L-lactic acid-co-glycolic acid);;;;;;;
MENINGOKOKKENEIWIT;MENINGOCOCCAL PROTEIN;API;;;;Yes;Manon den Uil;05/04/2024
METHIONINE;METHIONINE;Amino acid ;;;;No;Manon den Uil;05/04/2024
METHOXYPOLYETHYLEENGLYCOL;METHOXYPOLYETHYLENE GLYCOL;;;;;;;
METHYLMETHACRYLAAT;METHYL METHACRYLATE;;;;;;;
METHYLMETHACRYLAATMETHYLACRYLAATCOPOLYMEER;METHYL METHACRYLATE METHYL ACRYLATE COPOLYMER;;;;;;;
METHYLMETHACRYLAATSTYREENCOPOLYMEER;METHYL METHACRYLATE STYRENE COPOLYMER;;;;;;;
METHYLPYRROLIDON, N-;METHYLPYRROLIDONE, N-;Organic substance;;Leuproreline sc;;Yes;Laura N;30/12/2024
MIEREZUUR;Formic acid;Organic acid;;;;No;Manon den Uil;05/04/2024
MINIMUM ESSENTIAL MEDIUM EAGLE;MINIMUM ESSENTIAL MEDIUM EAGLE;;;;;;;
MONOTHIOGLYCEROL;MONOTHIOGLYCEROL;;;;;;;
MPEG-2000-DSPE;MPEG-2000-DSPE;;;;;;;
MPEG5000 DPPE;MPEG5000 DPPE;;;;;;;
NANOCOLLOIDE;NANOCOLLOID;;;;;;;
NATRIUMACETAAT;SODIUM ACETATE;Salt, organic acid ;;;;No;Manon den Uil;05/04/2024
NATRIUMACETAAT (ALS 3-WATER);SODIUM ACETATE (AS 3-WATER);Salt, organic acid ;;;;No;Manon den Uil;05/04/2024
NATRIUMBISULFIET;SODIUM BISULFITE;;;;;;;
NATRIUMCALCIUMEDETAAT 0-WATER;SODIUM CALCIUM EDETATE 0-WATER;;;;;;;
NATRIUMCARBONAAT;SODIUM CARBONATE;Salt, inorganic acid;;;;Yes;Manon den Uil/Laura N;27/12/2024
NATRIUMFYTAAT;SODIUM PHYTATE;;;;;;;
NATRIUMGLUCONAAT;SODIUM GLUCONATE;;;;;;;
NATRIUMJODIDE;SODIUM JODIDE;;;;;;;
NATRIUMMOLYBDAAT MO 99;SODIUM MOLYBDATE MO 99;;;;;;;
NATRIUMNITRAAT;SODIUM NITRATE;;;;;;;
NATRIUMPERTECHNETAAT TC 99M;SODIUM PERTECHNETATE TC 99M;;;;;;;
NATRIUMSULFAAT 0-WATER;SODIUM SULFATE 0-WATER;;;;;;;
NATRIUMSULFAAT 10-WATER;SODIUM SULFATE 10-WATER;;;;;;;
NATRIUMSULFIET;SODIUM SULFITE;;;;;;;
NATRIUMSULFIET 0-WATER;SODIUM SULFITE 0-WATER;;;;;;;
NATRIUMTHIOSULFAAT;SODIUM THIOSULFATE;;;;;;;
NATRIUMTHIOSULFAAT 5-WATER;SODIUM THIOSULFATE 5-WATER;;;;;;;
NEOMYCINE SULFAAT;NEOMYCIN SULFATE;API;;;;Yes;Manon den Uil;05/04/2024
NICOTINAMIDE;NICOTINAMIDE;;;;;;;
OCTANOAAT NATRIUM;OCTANOATE SODIUM;;;;;;;
OCTANOINEZUUR;OCTANOINE ACID;;;;;;;
OLEAAT NATRIUM;Sodium oleate;Salt, fatty acid ;;;;Yes;Manon den Uil;05/04/2024
OXIDRONAAT DINATRIUM;OXIDRONATE DISODIUM;;;;;;;
OXYCHINOLINE SULFAATKALIUMSULFAAT;OXYQUINOLINE SULFATE POTASSIUM SULFATE;;;;;;;
PAARDENCOLLAGEEN;HORSE COLLAGEN;;;;;;;
PALMITINEZUUR;PALMITIC ACID;Fatty acid;;;;Yes;Manon den Uil;05/04/2024
PALMITYLOLEYLFOSFATIDYLCHOLINE;PALMITYLOLEYLPHOSPHATIDYLCHOLINE;;;;;;;
PEG-2000-C-DMG;PEG-2000-C-DMG;;;;;;;
PENTETEENZUUR;PENTETENE ACID;;;;;;;
PERFLUTREN;PERFLUTREN;;;;;;;
POLOXAMEER 171;POLOXAMEER 171;;;;;;;
POLOXAMEER 238;POLOXAMEER 238;;;;;;;
POLYGELINE;POLYGELINE;;;;;;;
POLYGLUCOSE SORBITOL CARBOXYMETHYLETHER;POLYGLUCOSE SORBITOL CARBOXYMETHYL ETHER;;;;;;;
POLYMELKZUUR;POLYMALEIC ACID;;;;;;;
POLYMYXINE B SULFAAT;POLYMYXIN B SULFATE;API;;;;Yes;Manon den Uil;05/04/2024
POLYSORBAAT 40;POLYSORBAATE 40;Polyoxyethylene sorbitan fatty acid ester;"Dispersing agent; emulsifying agent; nonionic surfactant; solubilizing agent; suspending agent; wetting agent";;;Yes;Manon den Uil ;26/03/2024
POLYSORBAAT SOORT ONBEKEND;POLYSORBATE SPECIES UNKNOWN;Polyoxyethylene sorbitan fatty acid ester;"Dispersing agent; emulsifying agent; nonionic surfactant; solubilizing agent; suspending agent; wetting agent";;;Yes;Manon den Uil ;26/03/2024
PROLINE;PROLINE;Amino acid;;;;No;Manon den Uil;05/04/2024
PROPYLEENGLYCOLDICAPRYLOCAPRAAT;Propylene glycol dicaprylate;Alcohol ester with fatty acid;;;;No;Manon den Uil;18/04/2024
PROTAMINE SULFAAT;PROTAMINE SULPHATE;;;;;;;
RIBOFLAVINE;RIBOFLAVIN;Vitamin;Co-enzyme;;;Yes;Manon den Uil;05/04/2024
RICINUS OLIE;RICINUS OIL;Oil;;;;Yes;Manon den Uil;05/04/2024
RICINUSOLIE, GERAFFINEERD;CASTOR OIL, REFINED;Oil;;;;Yes;Manon den Uil;05/04/2024
RUNDERCOLLAGEEN;BOVINE COLLAGEN;;;;;;;
SESAMOLIE;SESAME OIL;Oil;;;;Yes;Manon den Uil;05/04/2024
SOJA-OLIE;SOJA OIL;Oil;;;;Yes;Manon den Uil;05/04/2024
SORBITANPALMITAAT;SORBITAN PALMITATE;Sorbitan fatty acid ester;"Dispersing agent; emulsifying agent; nonionic surfactant; solubilizing agent; suspending agent; wetting agent";;;No;Manon den Uil ;27/03/2024
STREPTOMYCINE SULFAAT;STREPTOMYCIN SULFATE;API;;;;Yes;Manon den Uil;05/04/2024
STRONTIUMCHLORIDE 6-WATER;STRONTIUM CHLORIDE 6-WATER;;;;;;;
SUCROSOFAAT;SUCROSOFAAT;;;;;;;
SULFOBUTYLETHERBETACYCLODEXTRINENATRIUM;SULFOBUTYL ETHERBETACYCLODEXTRIN SODIUM;Polysaccharide;;;;No;Manon den Uil;18/04/2024
SULFOSALICYLAAT DINATRIUM;SULFOSALICYLATE DISODIUM;;;;;;;
TERPINEOL;TERPINEOL;;;;;;;
TETANUSTOXOIDE;TETANUS TOXOID;API;;;;Yes;Manon den Uil;05/04/2024
TETROFOSMINE;TETROFOSMIN;;;;;;;
THIOMERSAL;THIOMERSAL;;;;;;;
THREONINE;THREONINE;Amino acid;;;;No;Manon den Uil;05/04/2024
TIN(II)CHLORIDE 2-WATER;TIN(II)CHLORIDE 2-WATER;;;;;;;
TIN(II)FLUORIDE;TIN(II)FLUORIDE;;;;;;;
TIN(II)OXIDE;TIN(II)OXIDE;;;;;;;
TOCOFEROL, DL-ALFA- ACETAAT;TOCOPHEROL, DL-ALPHA-ACETATE;Ester, organic acid;;;;No;Manon den Uil;05/04/2024
TRANEXAMINEZUUR;TRANEXAMIC ACID;API;;;;Yes;Manon den Uil;05/04/2024
TREHALOSE 2-WATER;Trehalose dihydrate;;;;;;;
TREPROSTINIL NATRIUM;TREPROSTINIL SODIUM;;;;;;;
TRIGLYCERIDE, GEHYDROGENEERD;TRIGLYCERIDE, HYDROGENATED;Triglyceriden;;;;Yes;Manon den Uil ;18/04/2024
TRIOLEINE;TRIOLEINE;;;;;;;
TROLAMINE;TROLAMINE;;;;;;;
TROMETAMOL HYDROCHLORIDE;TROMETAMOL HYDROCHLORIDE;;;;;;;
TYROSINE;TYROSINE;Amino acid;;;;No;Manon den Uil;05/04/2024
UREUM;UREA;;;;;;;
VALINE;VALINE;Amino acid;;;;No;Manon den Uil;05/04/2024
VARKENSCOLLAGEEN;PORK COLLAGEN;;;;;;;
VERSETAMIDE;VERSETAMIDE;;;;;;;
VORHYALURONIDASE ALFA;VORHYALURONIDASE ALPHA;;;;;;;
ZINKACETAAT 0-WATER;ZINC ACETATE 0-WATER;Salt, organic acid;"Emollient; emulstino stabilizer; gelling agent; opacifier; stabilizing agent";;;No;Manon den Uil ;18/04/2024
ZINKACETAAT 2-WATER;ZINC ACETATE 2-WATER;Salt, organic acid ;"Emollient; emulstino stabilizer; gelling agent; opacifier; stabilizing agent";;;No;Manon den Uil ;18/04/2024
ZINKCHLORIDE;ZINC CHLORIDE;Salt, metallic;Electrolyte;;;Yes;Manon den Uil ;18/04/2024
ZIRKONIUMDIOXIDE;ZIRCONIUM DIOXIDE;;;;;;;
AARDAPPELZETMEEL;POTATO STARCH;Starch;;;;No;Laura N;16/06/2023
AARDBEIENESSENCE;STRAWBERRY ESSENCE;Unknown;Flavoring agent;;;Yes;Laura N;16/06/2023
ABRIKOZENESSENCE;APRICOT ESSENCE;Unknown;Flavoring agent;;;Yes;Laura N;16/06/2023
ACESULFAAM KALIUM;ACESULFAME POTASSIUM;Ketoproof sweetener;;;;Yes;Laura N;16/06/2023
ACETYLTRIETHYLCITRAAT;ACETYLTRIETHYL CITRATE;Organic acid;;;;No;Laura N;25/07/2023
ALGINAAT NATRIUM;ALGINATE SODIUM;Polysaccharide;Binder, desintegrant, thickener;Oral;Low;Yes;Samir;11/08/2023
ALGINEZUUR;ALGINIC ACID;Polysaccharide;Binder, desintegrant, thickener;Oral;Low;Yes;Samir;11/08/2023
ALLURAROOD;ALLURAROOD;Azo dye;Coloring agent;Oral;;Yes;Samir;11/08/2023
ALTHAEA WORTEL;ALTHAEA ROOT;Mixed;;Oral;Unknown;No;Samir;11/08/2023
ALUMINIUMMAGNESIUMSILICAAT;ALUMINUM MAGNESIUM SILICATE;Inorganic;Adsorbent, stabilizer, suspending agent, disintegrant for tablet and capsule, binder for tablet, thickener;oral;Unknown;Yes;Gulcan;24/08/2023
ALUMINIUMNATRIUMSILICAAT;ALUMINUM SODIUM SILICATE;Inorganic ;Anticaking agent, opacifying agent, slip modifier and an aqueous viscosity increasing agent;oral;Unknown;Yes;Gulcan;24/08/2023
ALUMINIUMOXIDE;ALUMINA;Inorganic ;"Adsorbent; dispersing agent.";Cutaan, oraal;0.018 + 0.038;Yes;Manon den Uil;13/03/2024
AMMONIUMMETHACRYLAATCOPOLYMEREN;AMMONIUM METHACRYLATE COPOLYMERS;Polymethacrylates (polymer);"Fil-forming agent; tablet binder; tablet diluent";Oraal;<0,02%;Yes;Puck;23/01/2024
ANIDRISORB;ANIDRISORB (Sorbitol Sorbitan Solution);Diverse, bevat meerdere hulpstoffen waaronder meerdere suikeralcoholen;;;;No;Manon den Uil;13/03/2024
ANIJS OLIE;ANIJS OIL;Unknown or Variable compositions;Flavouring agent;;;Yes;Manon den Uil;13/03/2024
APPELZUUR, DL-;Malic ACID, DL-;Organic acid;;;;No;Laura N;30/11/2023
AZIJNZUURANHYDRIDE;ACETIC ANHYDRIDE;Organic acid;;;;No;Laura N;30/11/2023
BENZOAAT NATRIUM;BENZOATE SODIUM;Organic Acids, Metal Salts;;;;No;Lauren;24/01/2024
BESSENESSENCE;BERRY ESSENCE;Unknown;Flavoring agent;;;Yes;Lauren;24/01/2024
BETADEX;BETADEX;Polysaccharide;"Solubilizing agent; stabilizing agent.";;;No;Lauren;24/01/2024
BRAMENESSENCE;BLACKBERRY ESSENCE;Unknown;Flavoring agent;;;Yes;Lauren;24/01/2024
BRILJANTBLAUW FCF;BRILLANT BLUE FCF;Organic ;Dye;Oraal, dentaal;Low;Yes;Manon den Uil;13/03/2024
BUTANOL, 1-;BUTANOL, 1-;Alcohol ;"Antimicrobial preservative; disinfectant; skin penetrant; solvent";Oraal ;100%;Yes;Manon den Uil;14/03/2024
BUTYLACETYLRICINOLEAAT;BUTYL ACETYLRICINOLEATE;Akyl ester ;Emollient;Oraal ;;Yes;Manon den Uil;14/03/2024
BUTYLMETHACRYLAATCOPOLYMEER;BUTYL METHACRYLATE COPOLYMER;Polymeer ;Glazing agent;Oraal, transdermaal;<0.02%;Yes;Manon den Uil;14/03/2024
BUTYLPARAHYDROXYBENZOAAT;BUTYLPARAHYDROXYBENZOATE / Butylparaben;Paraben;Preservative ;Cutaan, oraal, rectaal;100%;No;Manon den Uil;14/03/2023
CACAO-ESSENCE;COCOA ESSENCE;Unknown ;Flavouring agent;;;Yes;Manon den Uil;14/03/2023
CALCIUMBEHENAAT;CALCIUM BEHENATE;Fatty acid (salt);Unknown;;;Yes;Manon den Uil;14/03/2023
CALCIUMDIWATERSTOFFOSFAAT;CALCIUM DIHYDROGEN PHOSPHATE;Metallic salt;Buffering agent;;;Yes;Manon den Uil;14/03/2023
CALCIUMMONOWATERSTOFFOSFAAT;CALCIUM MONOHYDROGEN PHOSPHATE;Metallic salt;Buffering agent;;;Yes;Manon den Uil;14/03/2023
CALCIUMMONOWATERSTOFFOSFAAT 0-WATER;CALCIUM MONOHYDROGEN PHOSPHATE 0-WATER;Metallic salt;Buffering agent;;;Yes;Manon den Uil;14/03/2023
CALCIUMMONOWATERSTOFFOSFAAT 2-WATER;CALCIUM MONOHYDROGEN PHOSPHATE 2-hydrate;Metallic salt;Buffering agent;;;Yes;Manon den Uil;14/03/2023
CALCIUMSILICAAT;CALCIUM SILICATE;Metallic salt;"Adsorbent; anticaking agent; opacifier; tablet filler.";;;Yes;Manon den Uil;15/03/2023
CALCIUMSTEARAAT;CALCIUM STEARATE;Fatty acid (salt);Tablet and capsule lubricant;;;Yes;Manon den Uil;15/03/2024
CANDELILLA WAS;Candelilla wax;Divers: most abundant straigt-chain paraffin;Coating agent ;Oraal ;;Yes;Manon den Uil;15/03/2024
CARAMEL;CARAMEL;Unknown or Variable compositions;Coloring agent, sweetner ;;;No;Manon den Uil;15/03/2024
CARAMELESSENCE;CARAMEL ESSENCE;Unkown ;Flavouring agent;;;No;Manon den Uil;15/03/2024
CARBOMEER  974P;CARBOMER 974P;Polyacrilic acid ;"Controlled-release agent; emulsifying agent; emulsion stabilizer; stabilizing agent; suspending agent; tablet binder.";Oculair, transdermaal, rectaal, oraal, cutaan, vaginaal;0%;Yes;Manon den Uil;15/03/2024
CARBOMEER, SOORT ONBEKEND;CARBOMER, SPECIES UNKNOWN;Polyacrilic acid ;"Controlled-release agent; emulsifying agent; emulsion stabilizer; stabilizing agent; suspending agent; tablet binder.";Oculair, transdermaal, rectaal, oraal, cutaan;0%;Yes;Manon den Uil;15/03/2024
CARMELLOSE CALCIUM;CARMELLOSE CALCIUM;Carboxymethyl ether;"Emulsifying agent; coating agent; stabilizing agent; suspending agent; tablet and capsule disintegrant; viscosity-increasing agent; water-absorbing agent";Oraal;;Yes;Manon den Uil;15/03/2024
CARNAUBA WAS;CARNAUBA WAX;Divers, see comment;Coating agent ;Oraal, oromucosaal;;Yes;Manon den Uil;15/03/2024
CARRAGEEN;Carrageenan;Polysaccharide;"Emulsifying agent; gel base; stabilizing agent; suspending agent; sustained-release agent; viscosity-increasing agent";Oraal;Low;Yes;Manon den Uil;15/03/2024
CARRAGEEN EXTRACT;CARRAGEENAN EXTRACT;Polysaccharide;"Emulsifying agent; gel base; stabilizing agent; suspending agent; sustained-release agent; viscosity-increasing agent";Oraal;Low;Yes;Manon den Uil;15/03/2024
CELLULOSEACETAAT;CELLULOSE ACETATE;;;;;Yes;Laura N;30/11/2023
CELLULOSEACETAATFTALAAT;CELLULOSE ACETATE PHTHALATE;;;;;Yes;Laura N;30/11/2023
CETOMACROGOL WAS;CETOMACROGOL WAX;Mix cetostearylalcohol and cetomacrogol 1000;Emulsifier ;Dermaal, rectaal, vaginaal;;Yes;Manon den Uil;15/03/2024
CETOSTEARYLALCOHOL;CETOSTEARYL ALCOHOL;Fatty alcohol;"Emollient; emulsifying agent; viscosity-increasing agent.";;;Yes;Manon den Uil;15/03/2024
CETOSTEARYLALCOHOL B, EMULGEREND LANETTEWAS SX;CETOSTEARYL ALCOHOL B, EMULSIFYING LANET WAX SX;Fatty alcohol, natriumlaurylsulfaat and others;Emulsifier ;;;Yes;Manon den Uil;15/03/2024
CETYLALCOHOL;CETYLALCOHOL;Fatty alcohol;Emulsifier ;;;Yes;Manon den Uil;15/03/2024
CITROEN OLIE;LEMON OIL;Unknown or Variable compositions;Flavouring agent;;;Yes;Manon den Uil;15/03/2024
CITROEN SPIRITUS;LEMON SPIRIT;Unknown or Variable compositions;Flavouring agent;;;Yes;Manon den Uil;15/03/2024
CITROENESSENCE;LEMON ESSENCE;Unknown or Variable compositions;Flavouring agent;;;Yes;Manon den Uil;15/03/2024
COCHENILLEROOD A;COCHINEAL;Anthraquinone dye;Colouring agent ;Oraal, oromucosaal, dentaal, cutaan;;Yes;Manon den Uil;18/03/2024
COPOVIDON;COPOVIDON;Acetic acid ethenyl ester;"Film-forming agent; granulation aid; tablet binder.";Oraal;;Yes;Manon den Uil;18/03/2024
CURCUMINE;CURCUMINE;;Colouring agent, API;Oraal;;Yes;Manon den Uil;18/03/2024
CYCLAMAAT NATRIUM;CYCLAMATE SODIUM;;;;;Yes;Laura N;30/11/2023
CYCLOTETRASILOXAAN;CYCLOTETRASILOXANE;Metalloid compound;Emollient ;Oraal ;28%;Yes;Manon den Uil;18/03/2024
DECYLOLEAAT;DECYL OLEATE;Fatty acid ester ;Emollient ;Cutaan, rectaal, vaginaal;;Yes;Manon den Uil;18/03/2024
DIBUTYLFTALAAT;DIBUTYL PHTHALATE;Phthalate ester ;"Film-forming agent; plasticizer; solvent.";Oraal;Readily absorbed;No;Manon den Uil;18/03/2024
DIBUTYLSEBACAAT;DIBUTYL SEBACATE;Ester;Plasticizer;;;Yes;Manon den Uil;18/03/2024
DIETHYLFTALAAT;DIETHYL PHTHALATE;Phthalate ester ;"Film-forming agent; plasticizer; solvent.";Oraal ;Significantly absorbed;No;Manon den Uil;18/03/2024
DOCUSAAT NATRIUM;DOCUSATE SODIUM;Salt, Organosulfonic acid;"Anionic surfactant; fecal softener; wetting agent.";Cutaan, oraal, rectaal;90%;Yes;Manon den Uil;18/03/2024
DRUIVENESSENCE;GRAPE ESSENCE;Unknown or Variable compositions;Flavouring agent;;;Yes;Manon den Uil;18/03/2024
ERYTROSINE;ERYTROSINE;Tetraiodofluorescein ;Colouring agent ;Oraal ;1%;Yes;Manon den Uil;19/03/2024
ESCULINE;ESCULINE;Glycosyl compound;Vasoprotective agent;Rectaal ;;Yes;Manon den Uil;18/03/2024
ETHANOL, GEDENATUREERD;ETHANOL, DENATURED;Alcohol;"Antimicrobial preservative; disinfectant; skin penetrant; solvent.";;;No;Manon den Uil;18/03/2024
ETHOXYETHANOL;2-ETHOXYETHANOL;Glycol ether;Solvent;Oraal;;No;Manon den Uil;19/03/2024
ETHYLCELLULOSE;ETHYL CELLULOSE;;;;;Yes;Laura N;30/11/2023
ETHYLEENGLYCOLMONOSTEARAAT;ETHYLENE GLYCOL MONOSTEARATE;Polyoxyethylene;"Emollient; emulsifying agent; stabilizing agent.";Cutaan, oraal;High after hydrolysis by GI enzymes;No;Manon den Uil;19/03/2024
ETHYLMALTOL;ETHYL MALTOL;Pyranone;"Flavor enhancer; flavoring agent.";Oraal;50;No;Manon den Uil;19/03/2024
ETHYLPARAHYDROXYBENZOAAT;ETHYL PARAHYDROXYBENZOATE;Paraben;Antimicrobial preservative.;Cutaan, oraal, rectaal;;No;Manon den Uil;19/03/2024
ETHYLPARAHYDROXYBENZOAAT NATRIUM;ETHYL PARAHYDROXYBENZOATE SODIUM;Paraben;Antimicrobial preservative.;Oraal, vaginaal;;No;Manon den Uil;19/03/2024
ETHYLVANILLINE;ETHYLVANILLIN;Benzalhydes;Flavouring agent;;;Yes;Manon den Uil;18/03/2024
FENETHYLALCOHOL;Phenylethyl alcohol;Alcohol ;Antimicrobial preservative;;;No;Manon den Uil;19/03/2024
FERRIOXIDE, BRUIN;FERRIC OXIDE, BROWN;Inorganic ;Colouring agent;;;Yes;Manon den Uil;18/03/2024
FERRIOXIDE, GEEL;FERRIC OXIDE, YELLOW;Inorganic ;Colouring agent;;;Yes;Manon den Uil;18/03/2024
FERRIOXIDE, KLEUR ONBEKEND;FERRIC OXIDE, COLOR UNKNOWN;Inorganic ;Colouring agent;;;Yes;Manon den Uil;18/03/2024
FERRIOXIDE, ROOD;FERRIC OXIDE, RED;Inorganic ;Colouring agent;;;Yes;Manon den Uil;18/03/2024
FERRIOXIDE, ROODBRUIN;FERRIC OXIDE, RED-BROWN;Inorganic ;Colouring agent;;;Yes;Manon den Uil;18/03/2024
FERRIOXIDE, ZWART;FERRIC OXIDE, BLACK;Inorganic ;Colouring agent ;;;Yes;Manon den Uil;18/03/2024
FRUITESSENCE;FRUIT ESSENCE;Unknown or Variable compositions;Flavouring agent;;;Yes;Manon den Uil;18/03/2024
GAMMADEX;GAMMA CYCLODEXTRIN;Cyclic oligosaccharide;"Solubilizing agent; stabilizing agent.";;;No;Manon den Uil;19/03/2024
GLYCERYLBEHENAAT;GLYCERYL BEHENATE;Fatty acid (ester with glycerin);"Coating agent; tablet binder; tablet and capsule lubricant; thickening agent; viscosity-increasing agent.";;;No;Manon den Uil;19/03/2024
GLYCERYLDISTEARAAT;GLYCERYL DISTEARATE;Fatty acid (ester with glycerin);"Emollient; thickening agent; emulsifying agent";;;No;Manon den Uil;19/03/2024
GLYCERYLMONO-OLEAAT;GLYCERYL MONOOLEATE;Fatty acid (ester with glycerin);"Bioadhesive material; emollient; emulsifying agent; emulsion stabilizer; gelling agent; mucoadhesive; nonionic surfactant; sustained-release agent.";;;No;Manon den Uil;19/03/2024
GLYCERYLMONOSTEARAAT;GLYCERYL MONOSTEARATE;Fatty acid (ester with glycerin);"Emollient; emulsifying agent; solubilizing agent; stabilizing agent;sustained-release agent; tablet and capsule lubricant";;;No;Manon den Uil;19/03/2024
GLYCERYLPALMITOSTEARAAT;GLYCERYL PALMITOSTEARATE;Fatty acid (ester with glycerin);"Biodegradable material; coating agent; gelling agent; releasemodifying agent; sustained-release agent; tablet and capsule diluent;tablet and capsule lubricant; taste-masking agent";;;No;Manon den Uil;19/03/2024
GLYCYRRHIZINAAT AMMONIUM;GLYCYRRHIZINATE AMMONIUM;Oleanolic acid;Flavouring agent ;Oraal, rectaal;;No;Manon den Uil;19/03/2024
GOLDEN-SYRUPESSENCE;GOLDEN-SYRUP ESSENCE;Unknown or Variable compositions;Flavouring agent ;Oraal;;No;Manon den Uil;19/03/2024
GOM, ARABISCH;ACACIA;Fibre ;"Emulsifying agent; stabilizing agent; suspending agent; tablet binder; viscosity-increasing agent";;;Yes;Manon den Uil;19/03/2024
GRAPEFRUITESSENCE;GRAPEFRUIT ESSENCE;Unknown or Variable compositions;Flavouring agent;;;Yes;Manon den Uil;19/03/2024
GUARANA-ESSENCE;GUARANA ESSENCE;Unknown or Variable compositions;Flavouring agent ;;;Yes;Manon den Uil;19/03/2024
GUARGOM;Guar Gum;Suiker;;;;No;Laura N;30/11/2023
HYPROLOSE;Hydroxypropyl Cellulose;Ether van cellulose;Coating agent;;;Yes;Manon den Uil;19/03/2024
HYPROMELLOSEFTALAAT;HYPROMELLOSE PHTHALATE;Ether van cellulose;Coating agent ;;;Yes;Manon den Uil;19/03/2024
INDIGOKARMIJN;Indigo carmine;Indigoid dye;Colouring agent ;;;Yes;Manon den Uil;20/03/2024
INKT;INK;Unknown ;Colouring agent ;;;Yes;Manon den Uil;20/03/2024
ISOMALT;ISOMALT;Suikeralcohol;;;;No;Laura N;30/11/2023
KALIUMWATERSTOFCARBONAAT;POTASSIUM HYDROGEN CARBONATE;Salt, inorganic acid;Buffer;;;Yes;Manon den Uil/Laura N;27/12/2024
KARMIJN;CARMINE;Anthraquinone dye;Colouring agent ;;;Yes;Manon den Uil ;20/03/2024
KATOENZAADOLIE, GEHYDROGENEERD;COTTONSEED OIL, HYDROGENATED;Fat;"Oleaginous vehicle; solvent.";;;Yes;Manon den Uil ;20/03/2024
KERSENESSENCE;CHERRY GUM ESSENCE;Unknown or Variable compositions;Flavouring agent;;;Yes;Manon den Uil;19/03/2024
LECITHINE;LECITHIN;Unknown or Variable compositions;"Emollient; emulsifying agent; solubilizing agent.";;;Yes;Manon den Uil ;20/03/2024
LIMOENESSENCE;LIME ESSENCE;Unknown or Variable compositions;Flavouring agent ;;;Yes;Manon den Uil;19/03/2024
MACROGOL  1540;MACROGOL 1540;Polymer (polyethylene glycol polymer);Laxative or emolient;Oraal ;<2%;Yes;Manon den Uil ;20/03/2024
MACROGOL  6000;MACROGOL 6000;Polymer (polyethylene glycol polymer);Laxative or emolient;Oraal, cutaan, vaginaal, rectaal, oromucosaal;-;Yes;Manon den Uil ;20/03/2024
MACROGOLGLYCEROLHYDROXYSTEARAAT;MACROGOL-GLYCEROL HYDROXYSTEARATE;Polyoxyethylene castor oil derivative ;"Emulsifying agent; solubilizing agent; wetting agent.";Oraal, oromucosaal, nasaal, oculair, cutaan, dentaal;;Yes;Manon den Uil ;02/04/2024
MACROGOLPOLYVINYLALCOHOLCOPOLYMEER;MACROGOL POLYVINYL ALCOHOL COPOLYMER;Polymer;Binding agent;Oraal;;Yes;Manon den Uil ;03/04/2024
MACROGOLSTEARAAT  400;MACROGOL STEARATE 400;Polyethylene glycol stearate;"Emulsifying agent; solubilizing agent; wetting agent.";Oraal;;Yes;Manon den Uil ;20/03/2024
MACROGOLSTEARAAT 2000;MACROGOLSTEARATE 2000;Polyethylene glycol stearate;"Emulsifying agent; solubilizing agent; wetting agent.";;;Yes;Manon den Uil ;20/03/2024
MAGNESIUMCARBONAAT;MAGNESIUM CARBONATE;Salt, inorganic acid;"Adsorbent; antacid; tablet and capsule diluent";;;Yes;Manon den Uil/Laura N;27/12/2024
MAGNESIUMOXIDE, ZWAAR;MAGNESIUM OXIDE, HEAVY;Salt;"Anticaking agent; emulsifying agent; glidant; tablet and capsule diluent";;;Yes;Manon den Uil ;25/03/2024
MAISOLIEGLYCERIDEN;CORN OIL GLYCERIDES;Glyceriden;"Oleaginous vehicle; solvent.";Oraal, cutaan;;No;Manon den Uil ;25/03/2024
MAISZETMEEL, GEMODIFICEERD;CORN STARCH, MODIFIED;Starch;;;;No;Laura N;30/11/2023
MAISZETMEEL, VOORVERSTIJFSELD;CORN STARCH, PRE-GELATINIZED;Starch;;;;No;Laura N;30/11/2023
MALTITOL;MALTITOL;Sugar alcohol;;;;No;Laura N;30/11/2023
MALTODEXTRINE;MALTODEXTRIN;;;;;No;Laura N;30/11/2023
MALTOL;MALTOL;Pyron;"Flavor enhancer; flavoring agent.";;;No;Manon den Uil ;25/03/2024
MANDARIJNESSENCE;MANDARIN ESSENCE;Unknown or Variable compositions;Flavouring agent ;;;Yes;Manon den Uil;20/03/2024
MANGO-ESSENCE;MANGO ESSENCE;Unknown or Variable compositions;Flavouring agent ;;;Yes;Manon den Uil;20/03/2024
MELKESSENCE;MILK Essence;Unknown or Variable compositions;Flavouring agent ;;;Yes;Manon den Uil;20/03/2024
MENTHOLESSENCE;MENTHOL ESSENCE;Unknown or Variable compositions;Flavouring agent ;;;Yes;Manon den Uil;20/03/2024
METHYLCELLULOSE (VISCOSITEIT ONBEKEND);METHYL CELLULOSE (VISCOSITY UNKNOWN);;;;;Yes;Laura N;30/11/2023
METHYLPARAHYDROXYBENZOAAT NATRIUM;METHYL PARABEN SODIUM;Ester of 4-hydroxybenzoic acid with methanol;Antimicrobial preservative;Oraal, rectaal;;No;Manon den Uil ;25/03/2024
MICROWAS;MICRO wax;Long chain hydrocarbons;"Coating agent; controlled-release agent; stiffening agent.";Cutaan, rectaal;;Yes;Manon den Uil ;25/03/2024
MONO- EN DIGLYCERIDEN VAN VETZUREN;MONO- AND DIGLYCERIDES OF FATTY ACIDS;Mono- en diglyceriden;Thickener, stabiliser, emulsifier;Oraal, cutaan ;;No;Manon den Uil ;25/03/2024
MONOGLYCERIDEN, GEDIACETYLEERD;MONOGLYCERIDES, DIACETYLATED;Acetic acid esters of monoglycerides of fatty acids;Thickener, stabiliser, emulsifier;Oraal;;No;Manon den Uil ;25/03/2024
MYVACET 9/08;MYVACET 9/08;Ester van azijnzuur en gedestilleerde mono- en diglyceriden.;Solvent;Oraal;;No;Manon den Uil ;25/03/2024
MYVACET 9/45;MYVACET 9/45;Ester van azijnzuur en gedestilleerde mono- en diglyceriden.;Solvent;Oraal;;No;Manon den Uil ;25/03/2024
NATRIUMDIWATERSTOFCITRAAT;SODIUM DIHYDROGEN CITRATE;Salt, organic acid;"Alkalizing agent; buffering agent; emulsifying agent; sequestering agent";;;No;Manon den Uil ;25/03/2024
NATRIUMGLYCINECARBONAAT;SODIUM GLYCINE CARBONATE;Salt, inorganic acid;;;;Yes;Manon den Uil/Laura N;27/12/2024
NATRIUMSTEARYLFUMARAAT;SODIUM STEARYL FUMARATE;Fatty acid ester with organic acid;Tablet and capsule lubricant. ;Oraal, sublinguaal;80%;No;Manon den Uil ;25/03/2024
NORFLURAAN;NORFLURAN;Chlorofluorocarbons;Drijfgas;Inhalatie;;Yes;Manon den Uil ;25/03/2024
OLIE, NIET GESPECIFICEERD;OIL, NOT SPECIFIED;Fat;;;;Yes;Manon den Uil ;25/03/2024
OLIE, NIET GESPECIFICEERD, GEHYDROGENEERD;OIL, NOT SPECIFIED, HYDROGENATED;Fat;;;;Yes;Manon den Uil ;25/03/2024
PARAFFINE, DUNVLOEIBAAR;KEROSENE, THIN LIQUID;Alkaan;Ointment base, stiffening agent, coating agent;;;Yes;Manon den Uil ;25/03/2024
PARAFFINE, VAST;KEROSENE, SOLID;Alkaan;Ointment base, stiffening agent, coating agent;;;Yes;Manon den Uil ;25/03/2024
PASSIEVRUCHTESSENCE;PASSION FRUIT ESSENCE;Unknown or Variable compositions;Flavouring agent ;;;Yes;Manon den Uil ;20/03/2024
PATENTBLAUW V;PATENT BLUE V;Dye;Colouring agent ;;;Yes;Manon den Uil ;25/03/2024
PEPERMUNT OLIE;PEPPERMINT OIL;Unknown or Variable compositions;Flavouring agent ;;;Yes;Manon den Uil ;25/03/2024
PERZIKESSENCE;PEACH ESSENCE;Unknown or Variable compositions;Flavouring agent ;;;Yes;Manon den Uil ;20/03/2024
POLACRILINE;POLACRILINE;Polymer of methacrylic acid (organic acid) met divynylbenzene;Tablet and capsule disintegrant;Oraal, transdermaal, oculair;;Yes;Manon den Uil ;25/03/2024
POLACRILINE KALIUM;POLACRILINE POTASSIUM;Polymer of methacrylic acid (organic acid) met divynylbenzene;Tablet and capsule disintegrant;Oraal;;Yes;Manon den Uil ;25/03/2024
POLYETHYLEEN;POLYETHYLENE;Polymer ;Bulking agent, emulstion stabilizer;Cutaan, intra-uterien, transdermaal, rectaal;;Yes;Manon den Uil ;26/03/2024
POLYGLUCOSE;POLYDEXTROSE;Polymer of glucose (90 parts), sorbitol (10 parts), citric acid (1 part) or phosphoric acid (0.1 part);"Coating agent; diluent; granulation aid; humectant; tablet and capsule diluent; tablet binder; tablet filler; viscosity-increasing agent";Oraal;;No;Manon den Uil ;26/03/2024
POLYOXYETHYLEENVETZUURESTER (ARLATONE 983);POLYOXYETHYLENE FATTY ACID ESTER (ARLATONE 983);Unknown or Variable compositions;Emulsifier ;Cutaan, oraal;;Yes;Manon den Uil ;26/03/2024
POLYSORBAAT 60;POLYSORBATE 60;Polyoxyethylene sorbitan fatty acid ester;"Dispersing agent; emulsifying agent; nonionic surfactant; solubilizing agent; suspending agent; wetting agent";;;Yes;Manon den Uil ;26/03/2024
POLYSORBAAT 65;POLYSORBATE 65;Polyoxyethylene sorbitan fatty acid ester;"Dispersing agent; emulsifying agent; nonionic surfactant; solubilizing agent; suspending agent; wetting agent";;;Yes;Manon den Uil ;26/03/2024
POLYVINYLALCOHOL;POLYVINYL ALCOHOL;Polymer of ethanol;"Coating agent; lubricant; stabilizing agent; viscosity-increasing agent.";Oculair, transdermaal, oromucosaal, oraal, cutaan, intravitreaal;;Yes;Manon den Uil ;26/03/2024
PROPYLPARAHYDROXYBENZOAAT NATRIUM;PROPYL PARAHYDROXYBENZOATE SODIUM;Ester of 4-hydroxybenzoic acid with propanol;Antimicrobial preservative;;;No;Manon den Uil ;26/03/2024
RIBOFLAVINE NATRIUMFOSFAAT-0-WATER;RIBOFLAVIN SODIUM PHOSPHATE-0-WATER;Vitamin and derivatives;Colouring agent ;;;Yes;Manon den Uil ;26/03/2024
RIJSTZETMEEL;RICE STARCH;Starch;;;;No;Laura N;30/11/2023
SACCHARINE NATRIUM-0-WATER;SACCHARIN SODIUM-0-WATER;;;;;Yes;Laura N;30/11/2023
SACCHARINE NATRIUM-2-WATER;SACCHARIN SODIUM-2-WATER;;;;;Yes;Laura N;30/11/2023
SCHELLAK;SHELLAC;Unknown or Variable compositions;"Coating agent; encapsulating agent; film-forming agent; matrixforming agent; modified-release agent";Oraal, dentaal;;Yes;Manon den Uil ;26/03/2024
SINAASAPPELESSENCE;ORANGE ESSENCE;Unknown or Variable compositions;Flavouring agent ;;;Yes;Manon den Uil ;20/03/2024
SORBAAT KALIUM;SORBATE POTASSIUM;Salt, organic acid;Antimicrobial preservative;;;No;Manon den Uil ;26/03/2024
SORBINEZUUR;SORBIC ACID;Organic acid ;Antimicrobial preservative;;;No;Manon den Uil ;26/03/2024
SORBITANLAURAAT;SORBITAN LAURATE;Sorbitan fatty acid ester;"Dispersing agent; emulsifying agent; nonionic surfactant; solubilizing agent; suspending agent; wetting agent";;;No;Manon den Uil ;26/03/2024
SORBITANOLEAAT;SORBITAN OLEATE;Sorbitan fatty acid ester;"Dispersing agent; emulsifying agent; nonionic surfactant; solubilizing agent; suspending agent; wetting agent";;;No;Manon den Uil ;26/03/2024
STEARAAT NATRIUM;STEARATE SODIUM;Stearate ;Emulsifier ;;;Yes;Manon den Uil ;26/03/2024
STEARYLALCOHOL;STEARYL ALCOHOL;Fatty alcohol;Stiffening agent ;;;Yes;Manon den Uil ;26/03/2024
SUCRALOSE;SUCRALOSE;;;;;Yes;Laura N;30/11/2023
TARTRAZINE;TARTRAZINE;Azo Dye;Colouring agent ;;;Yes;Manon den Uil ;26/03/2024
TARWEZETMEEL;WHEAT STARCH;Starch;;;;No;Laura N;30/11/2023
TOCOFEROL, D-ALFA-;TOCOPHEROL, D-ALPHA-;Vitamin, lipid ;Antioxident ;Cutaan, oraal ;10-33%;Yes;Manon den Uil ;26/03/2024
TRINATRIUMFOSFAAT 12-WATER;TRISODIUM PHOSPHATE 12-WATER;Metallic salt ;Buffering agent ;;;Yes;Manon den Uil ;26/03/2024
TUTTIFRUTTI-ESSENCE;TUTTIFRUTTI ESSENCE;Unknown or Variable compositions;Flavouring agent ;;;Yes;Manon den Uil ;20/03/2024
VANILLE-ESSENCE;VANILLA ESSENCE;Unknown or Variable compositions;Flavouring agent ;;;Yes;Manon den Uil ;26/03/2024
VANILLINE;VANILLIN ;Benzylaldehyde ;Flavouring agent ;;;Yes;Manon den Uil ;26/03/2024
VASELINE, WIT;VASELINE, ALBUM;Unknown or Variable compositions;Emollient, ointment base;Oculair, rectaal, oromucosaal, oraal, nasaal, cutaan, vaginaal ;;Yes;Manon den Uil ;26/03/2024
WAS, GEEL;WAX, YELLOW;Variable, most abundant are fatty acid monoesters;"Controlled-release agent; polishing agent; stabilizing agent; stiffening agent";Cutaan, oraal;;Yes;Manon den Uil ;26/03/2024
WAS, WIT;WASH, WHITE;Variable, most abundant are fatty acid monoesters;"Controlled-release agent; stabilizing agent; stiffening agent";;;Yes;Manon den Uil ;26/03/2024
WATER;WATER;NA;;;;Yes;Manon den Uil ;20/03/2024
WATER, GEZUIVERD (GEDEMINERALISEERD);WATER, PURIFIED (DEMINERALIZED);NA;;;;Yes;Manon den Uil ;20/03/2024
WOLVET;LANOLIN;Unknown or Variable compositions;Emulsifying agent, ointment base;Cutaan, nasaal, oculair, rectaal;;Yes;Manon den Uil ;26/03/2024
XANTHAANGOM;Xanthan Gum;Polysaccharide;"Gelling agent; stabilizing agent; suspending agent; sustained-release agent; viscosity-increasing agent";Oculair, rectaal, oromucosaal, oraal, dentaal, cutaan, vaginaal ;;Yes;Manon den Uil ;26/03/2024
ZEINE;ZEIN;Prolamin;"Coating agent; extended-release agent; tablet binder";;;Yes;Manon den Uil ;26/03/2024
ZETMEEL, GEMODIFICEERD, SOORT ONBEKEND;STARCH, MODIFIED, TYPE UNKNOWN;Starch;;;;No;Laura N;30/11/2023
ZETMEEL, VOORVERSTIJFSELD;STARCH, PREGELATINIZED;Starch;;;;No;Laura N;30/11/2023
ZWARTE-BESSENESSENCE;BLACK CURRANT ESSENCE;Unknown or Variable compositions;Flavouring agent ;;;Yes;Manon den Uil ;20/03/2024
ACETYLTRIBUTYLCITRAAT;Acetyltributyl citrate ;Organic acid;;;;No;Laura N;25/07/2023
ADIPAAT DINATRIUM;ADIPATE DISODIUM;Organic acid;Buffering agent, leavening agent, flavorant;"Intramuscular; intravenous; topical; oral";;No;Liesbeth;04/08/2023
AGAR-AGAR;AGAR-AGAR;;;;;;;
AKKERMUNT BLADOLIE;PEPPERMINT LEAF OIL;Oil;Flavouring agent;;;Yes;Manon den Uil;05/04/2024
ALCLOXA;ALCLOXA;;;;;;;
ALGINAAT AMMONIUM;ALGINATE AMMONIUM;;;;;;;
ALGINAAT CALCIUM;ALGINATE CALCIUM;;;;;;;
ALGINAAT PROPYLEENGLYCOL;Propylene glycol alginate;;Emulsifier, stabilizer, and thickener;Oral;Unknown;No;Samir;11/08/2023
ALOE VERA POEDER;ALOE VERA POWDER;Mixed;;Oral;Unknown;No;Samir;11/08/2023
Alpelisib;Alpelisib ;;API;;;Yes;Samir;11/08/2023
ALUMINIUMCHLORIDE 6-WATER;ALUMINIUM CHLORIDE 6-hydrate;Salt, inorganic;;Oral ;0.1-1%;Yes;Gulcan;15/08/2023
ALUMINIUMDIHYDROXIDESTEARAAT;ALUMINUM DIHYDROXIDE ESTEARATE;Salt with fatty acid;Emollient;;;Yes;Gulcan;24/08/2023
ALUMINIUMDISTEARAAT;ALUMINUM DISTEARATE;Salt with fatty acid;Anti-caking agents, lubricants, flow enhancers, and tablet disintegrants;Oraal, sublinguaal;;Yes;Gulcan;24/08/2023
ALUMINIUMKALIUMSILICAAT;ALUMINUM POTASSIUM SILICATE;Salt, inorganic;Anticaking agent;oral;;Yes;Gulcan;24/08/2023
ALUMINIUMKALIUMSULFAAT 12-WATER;ALUMINUM POTASSIUM SULFATE 12-hydrate;Salt, inorganic;Astringent;;;Yes;Gulcan;24/08/2023
ALUMINIUMSILICAAT;ALUMINUM SILICATE;;;;;;;
AMANDELOLIE;ALMOND OIL;Oil;Solvent ;;;Yes;Manon den Uil;05/04/2024
AMARANT;AMARANTH;;Colouring agent;;;Yes;Manon den Uil;05/04/2024
AMINOBENZOEZUUR;AMINOBENZOIC ACID;;;;;;;
AMINOCAPRONZUUR;AMINO CAPROIC ACID;;;;;;;
AMMONIUMACRYLODIMETHYLTUARAATPOVIDONCOPOLYMEREN;AMMONIUM ACRYLODIMETHYL TUARATE POVIDONE COPOLYMER;;;;;;;
AMMONIUMCHLORIDE;AMMONIUM CHLORIDE;;;;;;;
AMYLOPECTINE;AMYLOPECTINE;;;;;;;
ANANASESSENCE;PINEAPPLE ESSENCE;Unknown or Variable compositions;Flavouring agent;;;Yes;Manon den Uil ;29/03/2024
ANETHOL;ANETHOLE;;;;;;;
ANIJSESSENCE;Anise essence;Unknown or Variable compositions;Flavouring agent;;;Yes;Manon den Uil ;29/03/2024
ANTHOCYAAN;anthocyanin ;;Colouring agent;;;Yes;Manon den Uil;05/04/2024
APPELBESESSENCE;CHOKEBERRY ESSENCE;Unknown or Variable compositions;Flavouring agent;;;Yes;Manon den Uil ;29/03/2024
ATTAPULGIET;ATTAPULGITE;;;;;;;
BEHENOYLPOLYOXYLGLYCERIDEN;Behenoyl polyoxyl-8 glycerides;;;;;;;
BENTONIET;Bentonite;;;;;;;
BETACAROTEEN;?-Carotene;;Colouring agent;;;Yes;Manon den Uil;05/04/2024
BETAINE HYDROCHLORIDE;BETAINE HYDROCHLORIDE;;;;;;;
BOSBESSENESSENCE;BLUEBERRY ESSENCE;Unknown or Variable compositions;Flavouring agent;;;Yes;Manon den Uil ;29/03/2024
BOSVRUCHTENESSENCE;FOREST FRUIT ESSENCE;Unknown or Variable compositions;Flavouring agent;;;Yes;Manon den Uil ;29/03/2024
BOTERBABBELAARESSENCE;BUTTER Babbelaars ESSENCE;Unknown or Variable compositions;Flavouring agent;;;Yes;Manon den Uil ;29/03/2024
BRILJANTGROEN;BRILLANT GREEN;Unknown or Variable compositions;Colouring agent;;;Yes;Manon den Uil ;29/03/2024
BRILJANTZWART;BRILLY BLACK;Unknown or Variable compositions;Colouring agent;;;Yes;Manon den Uil ;29/03/2024
BUTAAN;BUTANE;;;;;;;
CACAO BOTER;CACAO BUTTER;Fat;Suppository base;;;Yes;Manon den Uil;05/04/2024
CALCIUM (ZOUT ONBEKEND);CALCIUM (SALT UNKNOWN);Salt;;;;Yes;Manon den Uil;05/04/2024
CALCIUMCHLORIDE 6-WATER;CALCIUM CHLORIDE 6-hydrate;Metallic salt; ;;;Yes;Manon den Uil;05/04/2024
CALCIUMCITRAAT 4-WATER;CALCIUM CITRATE 4-hydrate;Salt, organic acid ;;;;No;Manon den Uil ;29/03/2024
CALCIUMLACTAAT 5-WATER;CALCIUM LACTATE 5-hydrate;Salt, organic acid;;;;No;Manon den Uil;05/04/2024
CALCIUMSULFAAT;CALCIUM SULFATE;Salt, inorganic;;;;Yes;Manon den Uil;05/04/2024
CALCIUMSULFAAT 0-WATER;CALCIUM SULFATE 0-WATER;Salt, inorganic;;;;Yes;Manon den Uil;05/04/2024
CAPRYLOCAPROYLMACROGOLGLYCERIDEN;CAPRYLOCAPROYL MACROGOLGLYCERIDES;;;;;;;
CARBOMEER  934P;CARBOMEER 934P;Polyacrylic acid;"Controlled-release agent; emulsifying agent; emulsion stabilizer; stabilizing agent; suspending agent; tablet binder";Oraal, oculair, rectaal;None;Yes;Manon den Uil;15/03/2024
CARBOMEER  941;CARBOMBER 941;Polyacrylic acid;"Controlled-release agent; emulsifying agent; emulsion stabilizer; stabilizing agent; suspending agent; tablet binder";Oraal;None;Yes;Manon den Uil;15/03/2024
CARBOXYETHYLCELLULOSE NATRIUM;CARBOXYETHYLCELLULOSE SODIUM;;;;;Yes;Laura N;30/11/2023
CARBOXYMETHYLETHYLCELLULOSE;CARBOXYMETHYLETHYLCELLULOSE;;;;;Yes;Laura N;30/11/2023
CARDAMOM TINCTUUR;CARDAMOM TINCTURE;;Flavouring agent;;;Yes;Manon den Uil;05/04/2024
CARMELLOSE;CARMELLOSE;Carboxymethylether;"Coating agent; stabilizing agent; suspending agent; tablet and capsule disintegrant; tablet binder; viscosity-increasing agent; water-absorbing agent";;;Yes;Manon den Uil;05/04/2024
CARRAGENAAT NATRIUM;CARRAGENATE SODIUM;;;;;;;
CARVON;CARVONE;;;;;;;
CASEINE;CASEINE;;;;;;;
CASEINE HYDROLYSAAT;CASEIN HYDROLYSATE;;;;;;;
CEDER OLIE;CEDER OIL;Oil;Geurstof;;;Yes;Manon den Uil;05/04/2024
CETOSTEARYLETHOXYLAAT;CETOSTEARYL ETHOXYLATE;;;;;;;
CETYLPALMITAAT;CETYL PALMITATE;;;;;;;
CETYLPYRIDINIUM CHLORIDE-0-WATER;CETYLPYRIDINIUM CHLORIDE-0-WATER;;;;;;;
CHLOORCARVACROL;CHLOROCARVACROL;;;;;;;
CHLOORHEXIDINE DIACETAAT;CHLORHEXIDINE DIACETATE;;;;;;;
CHLOORHEXIDINE DIGLUCONAAT;CHLORHEXIDINE DIGLUCONATE;;;;;;;
CHROOM (ZOUT ONBEKEND);CHROMIUM (SALT UNKNOWN);;;;;;;
CINNAMALDEHYDE;CINNAMALDEHYDE;;;;;;;
CITRUSESSENCE;CITRUS ESSENCE;Unknown or Variable compositions;Flavouring agent;;;Yes;Manon den Uil ;29/03/2024
COGNACESSENCE;COGNAC ESSENCE;Unknown or Variable compositions;Flavouring agent;;;Yes;Manon den Uil ;29/03/2024
COLA-ESSENCE;COLA-ESSENCE;Unknown or Variable compositions;Flavouring agent;;;Yes;Manon den Uil ;29/03/2024
CURACAO-ESSENCE;CURACAO ESSENCE;Unknown or Variable compositions;Flavouring agent;;;Yes;Manon den Uil ;29/03/2024
CYPRES OLIE;CYPRES OIL;Oil;Geurstof;;;Yes;Manon den Uil;05/04/2024
DEXTRATEN;DEXTRAN;Variable saccharides;Sweetener;;;No;Manon den Uil;05/04/2024
DEXTRINE;DEXTRAN;Suiker;;;;No;Laura N;30/11/2023
DIACETINE;DIACETINE;;;;;;;
DIACETYLMONOGLYCERIDEN;DIACETYL MONOGLYCERIDES;;;;;;;
DIETHANOLAMINE;DIETHANOLAMINE;;;;;;;
DIETHYLEENGLYCOLMONOETHYLETHER;DIETHYLENE GLYCOL MONOETHYL ETHER;;;;;;;
DIHYDROXYALUMINIUM-NATRIUMCARBONAAT;DIHYDROXYALUMINUM SODIUM CARBONATE;Salt, inorganic acid;;;;Yes;Manon den Uil/Laura N;27/12/2024
DIMETHYLAMINOETHYLMETHACRYLAATCOPOLYMEER;DIMETHYLAMINOETHYL METHACRYLATE COPOLYMER;;;;;;;
DIMETHYLFTALAAT;DIMETHYL PHTHALATE;;;;;;;
DINATRIUMWATERSTOFCITRAAT 1.5-WATER;DISODIUM HYDROGEN CITRATE 1.5-hydrate ;Salt, organic acid;;;;No;Manon den Uil;29/03/2024
DODECYLFOSFOCHOLINE;DODECYLPHOSPHOCHOLINE;;;;;;;
DOMIFEN BROMIDE;DOMIPHEN BROMIDE;;;;;;;
ELIXIR, AROMATISCH;ELIXIR, AROMATIC;Unknown or Variable compositions;Flavouring agent;;;Yes;Laura N;30/12/2024
EPILACTOSE;EPILACTOSE;;;;;;;
ESSENCE, SMAAK NIET BEKEND;ESSENCE, FLAVOR NOT KNOWN;Unknown or Variable compositions;Flavouring agent;;;Yes;Manon den Uil ;29/03/2024
ETHYLACETAAT;ETHYL ACETATE;;;;;;;
ETHYLACRYLAATMETHYLMETHACRYLAATCOPOLYMEER;ETHYL ACRYLATE METHYL METHACRYLATE COPOLYMER;;;;;;;
ETHYLEENGLYCOL;ETHYLENE GLYCOL;Polyol;Humectant, solvent;;;No;Manon den Uil ;05/04/2024
EUCALYPTOL;EUCALYPTOL;Lipid;Flavouring agent;;;Yes;Manon den Uil;05/04/2024
EUCALYPTUS OLIE;EUCALYPTUS OIL;Oil;Flavouring agent;;;Yes;Manon den Uil;05/04/2024
EUCALYPTUSESSENCE;EUCALYPTUS ESSENCE;Unknown or Variable compositions;Flavouring agent;;;Yes;Manon den Uil ;29/03/2024
EUCAMENTHOLESSENCE;eucalyptus and menthol essence;Unknown or Variable compositions;Flavouring agent;;;Yes;Manon den Uil ;29/03/2024
FENACETINE;PHENACETINE;;;;;;;
FERRIOXIDE;FERRIOXIDE;Inorganic;Colouring agent;;;Yes;Manon den Uil;05/04/2024
FERRIOXIDE, PAARS;FERRIC OXIDE, PURPLE;Inorganic;Colouring agent;;;Yes;Manon den Uil;05/04/2024
FORMALDEHYDECASEINE;FORMALDEHYDE CASEIN;;;;;;;
FOSFOR (ZOUT ONBEKEND);PHOSPHORUS (SALT UNKNOWN);;;;;;;
FRAMBOZEN SAP, GECONCENTREERD;RASPBERRY JUICE, CONCENTRATED;Unknown or Variable compositions;Flavouring agent;;;Yes;Manon den Uil ;29/03/2024
FRESCOFORTESSENCE;FRESCOFORT ESSENCE;Unknown or Variable compositions;Flavouring agent;;;Yes;Manon den Uil ;29/03/2024
FRUCTO-OLIGOSACCHARIDEN;Fructooligosaccharides;;;;;;;
FUMAARZUUR;Fumaric acid;Organic acid;;;;No;Manon den Uil ;29/03/2024
GALACTOSE;GALACTOSE;Suiker;;;;No;Laura N;30/11/2023
GEMBER OLIE;GINGEROIL;Oil;Fragrance agent;;;Yes;Manon den Uil;05/04/2024
GEMBERESSENCE;GINGER ESSENCE;Unknown or Variable compositions;Flavouring agent;;;Yes;Manon den Uil ;29/03/2024
GINKGO BILOBA PREPARAAT;GINKGO BILOBA PREPARATION;API;;;;Yes;Manon den Uil;05/04/2024
GINSENG PREPARAAT;GINSENG PREPARATION;API;;;;Yes;Manon den Uil;05/04/2024
GLYCEROLMONOCAPRYLOCAPRAAT;GLYCERYL MONOCAPRYLOCAPRATE;Fatty acid (ester with glycerin);Emulsifier;;;No;Manon den Uil;27/03/2024
GLYCERYLDIOCTANOAAT;Dioctanoylglycerol;Fatty acid (ester with glycerin);Emulsifier;;;No;Manon den Uil;27/03/2024
GLYCERYLMONOLINOLEAAT;GLYCERYL MONOLINOLEATE;Fatty acid (ester with glycerin);Emulsifier;;;No;Manon den Uil;27/03/2024
GLYCERYLMONO-OCTANOAAT;GLYCERYL MONO-OCTANOATE;Fatty acid (ester with glycerin);Emulsifier;;;No;Manon den Uil;27/03/2024
GLYCERYLTRIADIPAAT;GLYCERYL TRIADIPATE;Fatty acid (ester with glycerin);Emulsifier;;;Yes;Manon den Uil;27/03/2024
GLYCERYLTRICAPRAAT;GLYCERYL TRICAPRATE;Fatty acid (ester with glycerin);Emulsifier;;;Yes;Manon den Uil;27/03/2024
GLYCERYLTRIISOSTEARAAT;Glyceryl tristearate;Fatty acid (ester with glycerin);Emulsifier;;;Yes;Manon den Uil;27/03/2024
GOM, GELLAN;GUM, GELLANIC;;;;;;;
GRENADINE-ESSENCE;GRENADINE ESSENCE;Unknown or Variable compositions;Flavouring agent;;;Yes;Manon den Uil ;29/03/2024
GRINDELIA TINCTUUR;GRINDELIA TINCTURE;Unknown or variable compositions;Flavouring agent;;;Yes;Manon den Uil;05/04/2024
HAZELNOOTESSENCE;HAZELNUT ESSENCE;Unknown or Variable compositions;Flavouring agent;;;Yes;Manon den Uil ;29/03/2024
HELIANTHUS OLIE;HELIANTHUS OIL;Oil;;;;Yes;Manon den Uil;05/04/2024
HONING;HONEY;Suiker;;;;No;Laura N;30/11/2023
HONINGESSENCE;Honey ESSENCE;;Smaakstof;;;Yes;Laura N;30/11/2023
HYDROXYMETHYLCELLULOSEFTALAAT;HYDROXYMETHYLCELLULOSE PHTHALATE;;;;;Yes;Laura N;30/11/2023
HYMETELLOSE;Hydroxyethyl Methyl Cellulose ;;;;;;;
HYPROMELLOSEACETAATSUCCINAAT;HYPROMELLOSE ACETATE SUCCINATE;;;;;;;
IJZER (ZOUT ONBEKEND);IRON (SALT UNKNOWN);Salt;;;;Yes;Manon den Uil;05/04/2024
INTRINSIC FACTOR;INTRINSIC FACTOR;;;;;;;
INULINE;INULIN;;;;;;;
ISOBUTAAN;ISOBUTANE;;;;;;;
ISOBUTYLPARAHYDROXYBENZOAAT;ISOBUTYL PARAHYDROXYBENZOATE / Isobutylparaben;;;;;;;
JODIUM;IODINE;;;;;;;
KALIUM (ZOUT ONBEKEND);POTASSIUM (SALT UNKNOWN);;;;;;;
KALIUMACETAAT;Potassium acetate;Salt, organic acid;;;;No;Manon den Uil ;29/03/2024
KAMFER;CAMPHOR (API);;Fragrance agent;;;Yes;Manon den Uil;05/04/2024
KAMILLE TINCTUUR;CHAMOMILE TINCTURE;Unknown or variable compositions;Flavouring agent;;;Yes;Manon den Uil;05/04/2024
KANEEL OLIE;CINNAMON OIL;Oil;Flavouring agent;;;Yes;Manon den Uil;05/04/2024
KANEELESSENCE;CINNAMON ESSENCE;Unknown or Variable compositions;Flavouring agent;;;Yes;Manon den Uil ;29/03/2024
KAOLIEN;Kaolinite;;;;;;;
KARWIJZAAD OLIE;CARAWAY SEED OIL;Oil;;;;Yes;Manon den Uil;05/04/2024
KATOENOLIE;COTTONSEED OIL;Oil;Oleaginous vehicle, solvent;;;Yes;Manon den Uil;05/04/2024
KAUWGOMESSENCE;GUM ESSENCE;Unknown or Variable compositions;Flavouring agent;;;Yes;Manon den Uil ;29/03/2024
KIEZELZUUR;SILICIC ACID;;;;;;;
KOKOSESSENCE;COCONUT ESSENCE;Unknown or Variable compositions;Flavouring agent;;;Yes;Manon den Uil ;29/03/2024
KOKOSOLIE;COCONUT OIL;Oil;Emollient, ointment base;;;Yes;Manon den Uil;05/04/2024
KOOL, GEACTIVEERD;CARBON, ACTIVATED;API;;;;Yes;Manon den Uil;05/04/2024
KOPER;COPPER;;;;;;;
KRUIDNAGEL OLIE;CLOVE OIL;Oil;Flavouring agent;;;Yes;Manon den Uil;05/04/2024
KRUIZEMUNT;CROSSEMUNT;Unknown or variable compositions;Flavouring agent;;;Yes;Manon den Uil;05/04/2024
KRUIZEMUNTESSENCE;SPEARMINT ESSENCE;Unknown or Variable compositions;Flavouring agent;;;Yes;Manon den Uil ;29/03/2024
LYS006;LYS006;API;;;;Yes;Manon den Uil;05/04/2024
MACROGOL   150;MACROGOL 150;Polymer (polyethylene glycol polymer);Laxative or emolient;Oraal;;Yes;Manon den Uil ;05/04/2024
MACROGOL   200;MACROGOL 200;Polymer (polyethylene glycol polymer);Laxative or emolient;Oraal;;Yes;Manon den Uil ;05/04/2024
MACROGOL   800;MACROGOL 800;Polymer (polyethylene glycol polymer);Laxative or emolient;Oraal ;<10%;Yes;Manon den Uil;20/03/2024
MACROGOL   900;MACROGOL 900;Polymer (polyethylene glycol polymer);Laxative or emolient;Oraal ;<10%;Yes;Manon den Uil;20/03/2024
MACROGOL  1000;MACROGOL 1000;Polymer (polyethylene glycol polymer);Laxative or emolient;Oraal, transdermaal, rectaal, inhalatie;<10%;Yes;Manon den Uil;20/03/2024
MACROGOL  1450;MACROGOL 1450;Polymer (polyethylene glycol polymer);Laxative or emolient;Oraal, urethraal;<10%;Yes;Manon den Uil;20/03/2024
MACROGOL  3000;MACROGOL 3000;Polymer (polyethylene glycol polymer);Laxative or emolient;Oraal;<10%;Yes;Manon den Uil;20/03/2024
MACROGOL 10000;MACROGOL 10000;Polymer (polyethylene glycol polymer);Laxative or emolient;Oraal;<10%;Yes;Manon den Uil;20/03/2024
MACROGOL 20000;MACROGOL 20000;Polymer (polyethylene glycol polymer);Laxative or emolient;Oraal, cutaan;<10%;Yes;Manon den Uil;20/03/2024
MACROGOL 200000;MACROGOL 200000;Polymer (polyethylene glycol polymer);Laxative or emolient;Oraal;<10%;Yes;Manon den Uil;20/03/2024
MACROGOL 35000;MACROGOL 35000;Polymer (polyethylene glycol polymer);Laxative or emolient;Oraal;<10%;Yes;Manon den Uil;20/03/2024
MACROGOL 7000000;MACROGOL 7000000;Polymer (polyethylene glycol polymer);Laxative or emolient;Oraal ;<10%;Yes;Manon den Uil;20/03/2024
MACROGOL(N)LAURYLETHER;MACROGOL(N)LAURYL ETHER;Polyethyleenglycol ether;Emulsifier;;;Yes;Manon den Uil ;08/04/2024
MACROGOL(N)STEARYLETHER;MACROGOL(N)STEARYL ETHER;Polyethyleenglycol ether;Emulsifier;;;Yes;Manon den Uil ;08/04/2024
MACROGOL-1000-GLYCEROLMONOOLEAAT;MACROGOL-1000-GLYCEROL MONOOLEATE;;;;;;;
MACROGOLDILAURAAT 600;PEG-600 DILAURATE;Ester van polyethyleenglycol en vetzuren;Emulsifier;;;Yes;Manon den Uil ;08/04/2024
MACROGOLGLYCEROLLAURAAT;MACROGOL GLYCEROL LAUREATE;;;;;;;
MACROGOLSTEARAAT 1500;MACROGOL STEARATE 1500;Polyethylene glycol stearate;"Emulsifying agent; solubilizing agent; wetting agent.";;;Yes;Manon den Uil ;20/03/2024
MAGNESIUM (ZOUT ONBEKEND);MAGNESIUM (SALT UNKNOWN);Salt;;;;Yes;Manon den Uil ;08/04/2024
MAGNESIUMCITRAAT;MAGNESIUM CITRATE;Salt, organic acid;;;;No;Manon den Uil ;29/03/2024
MAGNESIUMHYDROXIDE;MAGNESIUM HYDROXIDE;Salt;Antacid;;;Yes;Manon den Uil ;08/04/2024
MAGNESIUMOXIDE, LICHT;MAGNESIUM OXIDE, LIGHT;Salt;"Anticaking agent; emulsifying agent; glidant; tablet and capsule diluent";;;Yes;Manon den Uil ;25/03/2024
MAGNESIUMSILICAAT;MAGNESIUM SILICATE;Metallic salt;"Anticaking agent; glidant.";;;Yes;Manon den Uil ;08/04/2024
MAGNESIUMSUBCARBONAAT, ZWAAR;MAGNESIUM SUBCARBONATE, HEAVY;Salt, inorganic acid;;;;Yes;Manon den Uil/Laura N;27/12/2024
MAGNESIUMTRISILICAAT;MAGNESIUM TRISILICATE;Metallic salt;"Anticaking agent; glidant.";;;Yes;Manon den Uil ;08/04/2024
MAISSTROOP;CORN SYRUP/Liquid glucose;Suiker;"Coating agent; sweetening agent";;;No;Lisa;27/12/2023
MANGAAN (ZOUT ONBEKEND);MANGANESE (SALT UNKNOWN);;;;;;;
MENTHOXYPROPAANDIOL;MENTHOXYPROPANEDIOL;;;;;;;
METHACRYLZUUR;METHACRYL ACID;;;;;;;
METHANOL;METHANOL;;;;;;;
METHOXYACETOFENON, 4-;METHOXYACETOPHENONE, 4-;;;;;;;
METHYLCELLULOSE;METHYLCELLULOSE;;;;;Yes;Laura N;30/11/2023
METHYLCELLULOSE   15 MPA.S;METHYL CELLULOSE 15 MPA.S;;;;;Yes;Laura N;30/11/2023
METHYLCELLULOSE  400 MPA.S;METHYLCELLULOSE 400 MPA.S;;;;;Yes;Laura N;30/11/2023
METHYLEENCHLORIDE;METHYLENE CHLORIDE;Solvent;Solvent;Oraal;70-75%;Yes;Laura N;30/12/2024
MIDDELLANGEKETENDEELGLYCERIDEN;MEDIUM-CHAIN GLYCERIDES;Glyceriden;;;;Yes;Manon den Uil ;18/04/2024
MIDDELLANGEKETENDIGLYCERIDEN;MEDIUM-CHAIN GLYCERIDES;Glyceriden, di;;;;No;Manon den Uil ;18/04/2024
MIDDELLANGEKETENMONOGLYCERIDEN;MEDIUM-CHAIN MONOGLYCERIDES;Glyceriden, mono;;;;No;Manon den Uil ;18/04/2024
MOLYBDEEN (ZOUT ONBEKEND);MOLYBDENUM (SALT UNKNOWN);;;;;;;
MONOSTEARYLFUMARAAT;MONOSTEARYL FUMARATE;Fatty acid ester with organic acid;;;;No;Manon den Uil ;29/03/2024
MONTAN WAS;Montan wax;;;;;;;
MUNTZOETHOUTESSENCE;MINT LICORICE ESSENCE;Unknown or variable compositions;Flavouring agent;;;No;Manon den Uil;18/04/2024
NATRIUMCALCIUMEDETAAT;SODIUM CALCIUM EDETATE;;;;;;;
NATRIUMDIWATERSTOFFOSFAAT;SODIUM DIHYDROGEN PHOSPHATE;Salt;Buffering agent;;;Yes;Manon den Uil;15/03/2024
NATRIUMLAURYLETHERSULFAAT;SODIUM LAURYL ETHER SULFATE;;;;;;;
NATRIUMPYROFOSFAAT 0-WATER;SODIUM PYROPHOSPHATE 0-WATER;;;;;;;
NEOHESPERIDINE DIHYDROCHALCON;NEOHESPERIDINE DIHYDROCHALCONE;;;;;;;
NONOXINOL 100;NONOXINOL 100;;;;;;;
NOOTMUSKAAT OLIE;NUTMEG OIL;Oil;Fragrance agent;;;Yes;Manon den Uil ;08/04/2024
OCTYLGALLAAT;Octyl gallate;;;;;;;
OLIJFOLIE, GEZUIVERD;OLIVE OIL, PURIFIED;Oil;;;;Yes;Manon den Uil;18/04/2024
OPTACOOLESSENCE;OPTACOOL ESSENCE;Unknown or variable compositions;Flavouring agent;;;Yes;Manon den Uil;29/03/2024
ORANJESCHIL OLIE;ORANGE PEEL OIL;Unknown or Variable compositions;Flavouring agent;;;Yes;Manon den Uil ;29/03/2024
ORANJESCHIL TINCTUUR;ORANGE PEEL TINCTURE;Unknown or Variable compositions;Flavouring agent;;;Yes;Manon den Uil ;29/03/2024
PECTINE;PECTINE;;;;;;;
PEPERMUNT;PEPPERMINT;Unknown or variable composition;Flavouring agent;;;Yes;Manon den Uil ;08/04/2024
PERENESSENCE;PEAR ESSENCE;Unknown or Variable compositions;Flavouring agent;;;Yes;Manon den Uil ;29/03/2024
PIMPINELLA TINCTUUR;PIMPINELLA TINCTURE;Unknown or variable compositions;Flavouring agent;;;Yes;Manon den Uil;18/04/2024
POLYCARBOFIL;POLYCARBOFIL;;;;;;;
POLYCARBOFIL CALCIUM;POLYCARBOFIL CALCIUM;;;;;;;
POLYETHYLEENOXIDE;POLYETHYLENE OXIDE;;;;;;;
POLYGLYCERYL OLEAAT;POLYGLYCERYL OLEATE;;;;;;;
POLYGLYCOLSTEARYLETHER;POLYGLYCOL STEARYL ETHER;;;;;;;
POLYOXYETHYLEEN(25)GLYCEROLTRIOLEAAT;POLYOXYETHYLENE(25)GLYCEROL TRIOLEATE;;;;;;;
POLYOXYETHYLEENOXYPROPYLEENGLYCOL;Polyoxyethylene Polyoxypropylene Glycol ;;;;;;;
POLYVINYLACETAAT;POLYVINYL ACETATE;;;;;;;
POLYVINYLACETAATFTALAAT;POLYVINYL ACETATE PHTHALATE;;;;;;;
POLYVINYLCHLORIDE;POLYVINYL CHLORIDE;;;;;;;
PRIMULA TINCTUUR;PRIMROSE TINCTURE;Unknown or variable compositions;Flavouring agent;;;Yes;Manon den Uil;18/04/2024
PROPAAN;PROPANE;;;;;;;
PROPIONZUUR;PROPIONIC ACID;;;;;;;
PROPYLEENCARBONAAT;PROPYLENE CARBONATE;;;;;;;
PROPYLEENGLYCOL (ALS ALGINAAT);PROPYLENE GLYCOL ALGINATE;;;;;;;
PROPYLEENGLYCOLMONOCAPRYLAAT;PROPYLENE GLYCOL MONOCAPRYLATE;Alcohol ester with fatty acid;;;;No;Manon den Uil;18/04/2024
PROPYLEENGLYCOLMONOLAURAAT;PROPYLENE GLYCOL MONOLAURATE;Alcohol ester with fatty acid;;;;No;Manon den Uil;18/04/2024
PROPYLGALLAAT;Propyl Gallate;;;;;;;
PRUIM PREPARAAT;PLUM PREPARATION;;;;;;;
PRUIMENESSENCE;PLUM ESSENCE;Unknown or variable compositions;Flavouring agent;;;Yes;Manon den Uil ;29/03/2024
QUERCETINE;QUERCETINE;;;;;;;
RAAPOLIE;TURNIP OIL;Oil;;;;Yes;Manon den Uil;18/04/2024
RACEMENTHOL;RACEMENTHOL;;Flavouring agent;;;Yes;Manon den Uil;18/04/2024
RODE-BESSENESSENCE;RED BERRY ESSENCE;Unknown or Variable compositions;Flavouring agent;;;Yes;Manon den Uil ;29/03/2024
ROZEN BLAD TINCTUUR;ROSE LEAF TINCTURE;Unknown or variable compositions;Flavouring agent;;;Yes;Manon den Uil;18/04/2024
ROZEN OLIE;ROSE OIL;Unknown or variable compositions;Flavouring agent;;;Yes;Manon den Uil;18/04/2024
RUTOSIDE (ZOUT ONBEKEND);RUTOSIDE (SALT UNKNOWN);Vitamine preparaat/Flavonoide;;;;Yes;Laura N;30/12/2024
SACCHAROSEMONOPALMITAAT;SACCHAROSE MONOPALMITATE;Ester of disacharide and fatty acid;Surfactant;;;No;Manon den Uil ;08/04/2024
SACCHAROSEMONOSTEARAAT;SACCHAROSE MONOSTEARATE;Ester of disacharide and fatty acid;Surfactant;;;No;Manon den Uil ;08/04/2024
SALCAPROZAAT NATRIUM;SALCAPROZATE SODIUM;;;;;;;
SALICYLZUUR;SALICYL ACID;;;;;;;
SALMONELLA TYPHI, GEINACTIVEERD;SALMONELLA TYPHI, INACTIVATED;;API;;;Yes;Manon den Uil;18/04/2024
SALVIA OLIE;SALVIA OIL;Oil;Flavouring agent;;;Yes;Manon den Uil;18/04/2024
SAPONINE;SAPONIN;;;;;;;
SELEEN (ZOUT ONBEKEND);SELENIUM (SALT UNKNOWN);;;;;;;
SOJAPOLYSACCHARIDEN;SOY POLYSACCHARIDES;;;;;;;
SORBITANSTEARAAT;SORBITAN STEARATE;Sorbitan fatty acid ester;"Dispersing agent; emulsifying agent; nonionic surfactant; solubilizing agent; suspending agent; wetting agent";;;No;Manon den Uil ;27/03/2024
SPIRITUS, AROMATISCHE;SPIRIT, AROMATIC;Unknown or variable compositions;Flavouring agent;;;Yes;Manon den Uil;18/04/2024
STERANIJS OLIE;STAR ANISE OIL;Oil;Flavouring agent;;;Yes;Manon den Uil;18/04/2024
SUCROSE-ESTERS;SUCROSE ESTERS/ Sucrose Stearate;Ester of disacharide ;;;;No;Manon den Uil ;08/04/2024
SUIKERESSENCE;SUGAR ESSENCE;Unknown or Variable compositions;Flavouring agent;;;No;Manon den Uil ;29/03/2024
SUIKERSPINESSENCE;COTTON CANDY ESSENCE;Unknown or Variable compositions;Flavouring agent;;;No;Manon den Uil ;29/03/2024
TAGATOSE, D-;D-TAGATOSE;Suiker;;;;No;Laura N;30/11/2023
TAUROSELCHOLINEZUUR;TAUROSEL CHOLIC ACID;;;;;;;
THYMOL;THYMOL;Phenol;"Antioxidant; antiseptic; cooling agent; disinfectant; flavoring agent; skin penetrant; therapeutic agent.";;;Yes;Lisa;27/12/2023
TIJM OLIE;TIME OIL;Oil;Fragrance agent;;;Yes;Manon den Uil ;08/04/2024
TIJM TINCTUUR;TIME TINCTURE;Unknown or variable composition;Flavouring agent;;;Yes;Manon den Uil ;08/04/2024
TOCOFEROL, D-ALFA- ACETAAT;TOCOPHEROL, D-ALPHA-ACETATE;;;;;;;
TOCOFEROL, D-ALFA- MACROGOLSUCCINAAT;TOCOPHEROL, D-ALPHA- MACROGOL SUCCINATE;;;;;;;
TOCOFEROL, D-ALFA- WATERSTOFSUCCINAAT;TOCOPHEROL, D-ALPHA-HYDROGEN SUCCINATE;;;;;;;
TOCOFERSOLAN;TOCOFERSOLAN;;;;;;;
TRAGACANT;Tragacanth;;;;;;;
TRIMETHYLISOPROPYLBUTANAMIDE;TRIMETHYLISOPROPYLBUTANAMIDE;;;;;;;
VANILLE COCOSESSENCE;VANILLA COCONUT ESSENCE;Unknown or Variable compositions;Flavouring agent;;;Yes;Manon den Uil ;29/03/2024
VASELINE, GEEL;VASELINE, YELLOW;Unknown or variable compositions;"Emollient; ointment base";Cutaan;;Yes;Manon den Uil;18/04/2024
VENKEL OLIE;FENNEL OIL;Oil;Flavouring agent, fragrance agent;;;Yes;Manon den Uil ;08/04/2024
VENKELESSENCE;FENNEL ESSENCE;Unknown or Variable compositions;Flavouring agent;;;Yes;Manon den Uil ;29/03/2024
VERBENA-ESSENCE;VERBENA ESSENCE;Unknown or Variable compositions;Flavouring agent;;;Yes;Manon den Uil ;29/03/2024
VLIERBESSENSAPCONCENTRAAT;ELDERBERRY JUICE CONCENTRATE;Unknown or Variable compositions;Flavouring agent;;;Yes;Manon den Uil ;29/03/2024
VRUCHTENCOCKTAILESSENCE;FRUIT COCKTAIL ESSENCE;Unknown or Variable compositions;Flavouring agent;;;Yes;Manon den Uil ;29/03/2024
WALSCHOT;WALSCHOT;;;;;;;
WAS, EMULGEREND;WAX, EMULSIFYING;;;;;;;
WATER, KRAAN-;WATER, FAUCET-;NA;;;;Yes;Manon den Uil ;29/03/2024
WATERSTOFPEROXIDE;HYDROGEN PEROXIDE;;;;;;;
WOLVETALCOHOLEN;WOOL GREASE ALCOHOLS;Unknown or variable composition;"Emulsifying agent; ointment base ";;;Yes;Manon den Uil;26/03/2024
ZEEWATER, GEZUIVERD;SEA WATER, PURIFIED;NA;;;;Yes;Manon den Uil;26/03/2024
ZETMEEL NATRIUM OCTENYLSUCCINAAT;Sodium octenyl succinate starch;Starch;;;;No;Laura N;30/11/2023
ZETMEEL, GEMODIFICEERD;STARCH, MODIFIED;Starch;;;;No;Laura N;30/11/2023
ZETMEEL, SOORT ONBEKEND;STARCH, TYPE UNKNOWN;Starch;;;;No;Laura N;30/11/2023
ZETMEEL, SOORT ONBEKEND, GLUTENVRIJ;STARCH, TYPE UNKNOWN, GLUTEN FREE;Starch;;;;No;Laura N;30/11/2023
ZINK;ZINC;;;;;;;
ZINKSTEARAAT;ZINC STEARATE;Metallic salt with fatty acid;Tablet and capsule lubricant.;;;Yes;Manon den Uil ;08/04/2024
ZOETHOUT EXTRACT, GEDEGLYCYRRIZINEERD;LICORICE EXTRACT, DEGLYCYRRHIZINATED;Unknown or variable compositions;Flavouring agent;;;Yes;Manon den Uil;18/04/2024
ZOETHOUT EXTRACT, RUW;LIQUORICE EXTRACT, CRUDE;Unknown or variable compositions;Flavouring agent;;;No;Manon den Uil;18/04/2024
ZOETHOUT EXTRACT, VLOEIBAAR;LIQUORICE EXTRACT, LIQUID;Unknown or variable compositions;Flavouring agent;;;No;Manon den Uil;18/04/2024
ZOETHOUT WORTEL;LIQUORICE ROOT;Unknown or variable compositions;Flavouring agent;;;No;Manon den Uil;18/04/2024
ZOETHOUTESSENCE;LICORICE ESSENCE;Unknown or variable compositions;Flavouring agent;;;No;Manon den Uil;18/04/2024
ZWAVELDIOXIDE;SULPHUR DIOXIDE;;;;;;;
ALUMINIUMTRISTEARAAT;ALUMINUM TRISTEARATE;NA toedienroute;;;;Yes;Laura N;30/11/2023
APAFLURAAN;APAFLURANE;;;;;;;
CARBOMEER  980;CARBOOMER 980;NA toedienroute;;;;Yes;Laura N;30/11/2023
CROMOGLICAAT DINATRIUM;CROMOGLICATE DISODIUM;;;;;;;
HYDROXYPROPYLGAMMADEX;HYDROXYPROPYLGAMMADEX;NA toedienroute;;;;Yes;Laura N;30/11/2023
ISOPROPYLMYRISTAAT;ISOPROPYL MYRISTATE;;;;;;;
POLYESTER;POLYESTER;;;;;;;
ACTINOQUINOL;ACTINOQUINOL;Quinoline;UV absorbant;Topical;;Yes;Liesbeth;04/08/2023
ALOE VERA WATER;ALOE VERA WATER;Mixed;;Oral;Unknown;No;Samir;11/08/2023
ALUMINIUMSULFAAT X-WATER;ALUMINUM SULFATE X-hydrate;NA toedienroute;;;;Yes;Laura N;30/11/2023
AMINOMETHYLPROPANOL;AMINOMETHYL PROPANOL;NA toedienroute;;;;Yes;Laura N;30/11/2023
APPELESSENCE;APPLE ESSENCE;Unknown or Variable compositions;Flavouring agent;;;Yes;Manon den Uil ;29/03/2024
BENZODODECINIUM BROMIDE;BENZODODECINIUM BROMIDE;NA toedienroute;;;;Yes;Laura N;30/11/2023
BENZODODECINIUM CHLORIDE;BENZODODECINIUM CHLORIDE;NA toedienroute;;;;Yes;Laura N;30/11/2023
BLAUWE BOSBES WATER;Bilberry Extract;NA toedienroute;;;;Yes;Laura N;30/11/2023
BRILJANTZUURGROEN;BRILLIANT ACID GREEN;Unknown or variable compositions;Colouring agent;;;Yes;Manon den Uil;29/03/2024
CALCIUMLACTAAT 1-WATER;CALCIUM LACTATE 1-hydrate;Salt, organic acid;;;;No;Manon den Uil;29/03/2024
CARBOMEER  940;CARBOMBER 940;NA toedienroute;;;;Yes;Laura N;30/11/2023
CETALKONIUM CHLORIDE;CETALKONIUM CHLORIDE;NA toedienroute;;;;Yes;Laura N;30/11/2023
CETRIMIDE;CETRIMIDE;NA toedienroute;;;;Yes;Laura N;30/11/2023
CHLOORCRESOL;CHLOROCRESOL;NA toedienroute;;;;Yes;Laura N;30/11/2023
CHLOORHEXIDINE DIHYDROCHLORIDE;CHLORHEXIDINE DIHYDROCHLORIDE;;;;;;;
COLOFONIUM;COLOPHONIUM ;;;;;;;
DEOXYCHOLZUUR;DEOXYCHOLIC ACID;NA toedienroute;;;;Yes;Laura N;30/11/2023
DICYCLOHEXYLMETHAANDIISOCYANAAT;DICYCLOHEXYLMETHANE DIISOCYANATE;;;;;;;
ECTOINE;ECTOINE;NA toedienroute;;;;Yes;Laura N;30/11/2023
ETHYLEENGLYCOLDISTEARAAT;ETHYLENE GLYCOL DISTEARATE;Polyol, fatty acid;"Emulsifying agent; solubilizing agent; wetting agent. ";;;No;Manon den Uil ;05/04/2024
FIBRINE;FIBRINE;;;;;;;
FRAMBOZENEXTRACT;RASPBERRY EXTRACT;Unknown or Variable compositions;Flavouring agent;;;Yes;Manon den Uil ;29/03/2024
GLUTAMINE;GLUTAMINE;;;;;;;
GRAFIET;GRAFIET;;;;;;;
GUARAPROLOSE;GUARAPROLOSE;;;;;;;
HEXAANTRIOL;Hexanetriol ;;;;;;;
HONDSROOS WATER;DOG ROSE (Rosa canina) WATER;NA toedienroute;;;;Yes;Laura N;30/11/2023
HYALURONAAT NATRIUM;HYALURONATE SODIUM;NA toedienroute;;;;Yes;Laura N;30/11/2023
ISOSTEARINEZUUR;ISOSTEARIC ACID;;;;;;;
KALIUMJODAAT;POTASSIUM IODATE;NA toedienroute;;;;Yes;Laura N;30/11/2023
KAMILLE WATER;CAMOMILE WATER;NA toedienroute;;;;Yes;Laura N;30/11/2023
KOPER FTALOCYANINE;COPPER PHTHALOCYANINE;NA toedienroute;;;;Yes;Laura N;30/11/2023
KRUIZEMUNT OLIE;SPEARMINT OIL;Oil;Flavouring agent;;;Yes;Manon den Uil ;08/04/2024
LAUROMACROGOL 400;LAUROMACROGOL 400;NA toedienroute;;;;Yes;Laura N;30/11/2023
LAUROYL SARCOSINE;LAUROYL SARCOSINE;NA toedienroute;;;;Yes;Laura N;30/11/2023
LITHIUMCHLORIDE;LITHIUM CHLORIDE;NA toedienroute;;;;Yes;Laura N;30/11/2023
LYSINE 1-WATER;LYSINE 1-WATER;NA toedienroute;;;;Yes;Laura N;30/11/2023
MACROGOLOLEAAT;MACROGOLOLEATE;Polyethyleneglycol ester with fatty acid;;;;Yes;Manon den Uil ;08/04/2024
MASTIX;MASTIC;;;;;;;
METHYLTHIONINE CHLORIDE-0-WATER;METHYLTHIONINE CHLORIDE-0-WATER;;;;;;;
METHYLTHIONINE CHLORIDE-3-WATER;METHYLTHIONINE CHLORIDE-3-WATER;NA toedienroute;;;;Yes;Laura N;30/11/2023
MYRISTYLALCOHOL;MYRISTYL ALCOHOL;NA toedienroute;;;;Yes;Laura N;30/11/2023
NATRIUMCARBONAAT 1-WATER;SODIUM CARBONATE 1-WATER;NA toedienroute;;;;Yes;Laura N;30/11/2023
NITINOL;NITINOL;NA toedienroute;;;;Yes;Laura N;30/11/2023
NONOXINOL 9;NONOXINOL 9;NA toedienroute;;;;Yes;Laura N;30/11/2023
OCTYLDODECANOL;OCTYLDODECANOL;Fatty alcohol;;;;Yes;;
POLIHEXANIDE;POLIHEXANIDE;NA toedienroute;;;;Yes;Laura N;30/11/2023
POLYAMIDE;POLYAMIDE;NA toedienroute;;;;Yes;Laura N;30/11/2023
POLYETHYLEENTEREFTALAAT;POLYETHYLENE TEREPHTHALATE;;;;;;;
POLYIMIDE;POLYIMIDE;NA toedienroute;;;;Yes;Laura N;30/11/2023
POLYOXYETHYLEEN(20)CETYLSTEARYLETHER;POLYOXYETHYLENE(20)CETYLSTEARYLETHER;;;;;;;
POLYOXYETHYLEENVETZUURESTER;POLYOXYETHYLENE FATTY ACID ESTER;;;;;;;
POLYPROPYLEEN;POLYPROPYLENE;NA toedienroute;;;;Yes;Laura N;30/11/2023
POLYQUATERNIUM-1;POLYQUATERNIUM-1;NA toedienroute;;;;Yes;Laura N;30/11/2023
POLYURETHAAN;POLYURETHAAN;;;;;;;
RUBIDIUMCHLORIDE RB 81;RUBIDIUM CHLORIDE RB 81;;;;;;;
SILICONENKLEEFMIDDEL;SILICONE ADHESIVE;;;;;;;
TETRAKALIUMPYROFOSFAAT;TETRAKALIUM PYROPHOSPHATE;;;;;;;
TRIPALMITINE;TRIPALMITIN;;;;;;;
VETZUUR;FATTY ACID;Vet;;;;Yes;Laura N;30/11/2023
ZILVER;SILVER;;;;;;;
ACRYLAATVINYLACETAATCOPOLYMEER;ACRYLATE VINYL ACETATE COPOLYMER;Polymeer;;Transdermal;;Yes;Laura N;25/07/2023
ALUMINIUMZETMEELOCTENYLSUCCINAAT;ALUMINUM STARCH OCTENYLSUCCINATE;NA, toedienweg 0;;;;Yes;Laura N;30/11/2023
BETAINE 1-WATER;BETAINE 1-hydrate;NA, toedienweg 0;;;;Yes;Laura N;30/11/2023
BORAGO OLIE;BORAGO OIL;NA, toedienweg 0;;;;Yes;Laura N;30/11/2023
CETIOL;CETIOL;NA, toedienweg 0;;;;Yes;Laura N;30/11/2023
CETOSTEARYLALCOHOL A, EMULGEREND;CETOSTEARYL ALCOHOL A, EMULSIFYING;NA, toedienweg 0;;;;Yes;Laura N;30/11/2023
CITROENZUUR (ALS 1-WATER);Citric Acid Monohydrate;NA, toedienweg 0;;;;Yes;Laura N;30/11/2023
COCOYLCAPRYLOCAPRAAT;COCOYL CAPRYLOCAPRATE;NA, toedienweg 0;;;;Yes;Laura N;30/11/2023
DIETHANOLAMINECETYLFOSFAAT;DIETHANOLAMINECETYLPHOSPHATE;NA, toedienweg 0;;;;Yes;Laura N;30/11/2023
DIETHYLAMINE;DIETHYLAMINE;NA, toedienweg 0;;;;Yes;Laura N;30/11/2023
HEXYLEENGLYCOL;HEXYLENE GLYCOL;NA, toedienweg 0;;;;Yes;Laura N;30/11/2023
IMIDUREUM;IMIDUREA;NA, toedienweg 0;;;;Yes;Laura N;30/11/2023
LAVENDEL OLIE;LAVENDER OIL;NA, toedienweg 0;;;;Yes;Laura N;30/11/2023
MACROGOL(20)CETOSTEARYLETHER;MACROGOL(20)CETOSTEARYL ETHER;NA, toedienweg 0;;;;Yes;Laura N;30/11/2023
MACROGOL(25)CETOSTEARYLETHER;MACROGOL(25)CETOSTEARYL ETHER;NA, toedienweg 0;;;;Yes;Laura N;30/11/2023
MACROGOL(N)CETOSTEARYLETHER;MACROGOL(N)CETOSTEARYL ETHER;NA, toedienweg 0;;;;Yes;Laura N;30/11/2023
OLEYLALCOHOL;OLEYL ALCOHOL;NA, toedienweg 0;;;;Yes;Laura N;30/11/2023
PROPYLEENGLYCOLMONOSTEARAAT;PROPYLENE GLYCOL MONOSTEARATE;NA, toedienweg 0;;;;Yes;Laura N;30/11/2023
ROZEN OLIE, KUNSTMATIG;ROSE OIL, ARTIFICIAL;NA, toedienweg 0;;;;Yes;Laura N;30/11/2023
SILICONENPOLYESTER;SILICONE POLYESTER;NA, toedienweg 0;;;;Yes;Laura N;30/11/2023
SORBITANSESQUIOLEAAT;SORBITAN SESQUIOLEATE;NA, toedienweg 0;;;;Yes;Laura N;30/11/2023
ACETON;ACETONE;Ketone;;;;Yes;Laura N;25/07/2023
ACRYLAMIDECOPOLYMEREN;ACRYLAMIDE COPOLYMERS;Polymeer;;Transdermal;;Yes;Laura N;25/07/2023
ALLANTOINE;ALLANTOIN;Organic compound: diureide;Anti-irritant and soothing;Topical;;Yes;Samir;11/08/2023
ALOE VERA GEL;ALOE VERA GEL;Mixed;;Oral/topical;Unknown;Yes;Samir;11/08/2023
ALUMINIUMAMINOACETAAT;ALUMINUM AMINO ACETATE;Unknown;Unkown;Topical;;Yes;Gulcan;15/08/2023
BASISCREME;Base CREAM;NA, toedienweg 0;;;;Yes;Laura N;30/11/2023
BEMOTRIZINOL;BEMOTRIZINOL;NA, toedienweg 0;;;;Yes;Laura N;30/11/2023
BENZALKONIUM BROMIDE;BENZALKONIUM BROMIDE;NA, toedienweg 0;;;;Yes;Laura N;30/11/2023
BERGAMOT OLIE;BERGAMOT OIL;NA, toedienweg 0;;;;Yes;Laura N;30/11/2023
BRONOPOL;BRONOPOL;NA, toedienweg 0;;;;Yes;Laura N;30/11/2023
BUTYLACETAAT;BUTYLACETATE;NA, toedienweg 0;;;;Yes;Laura N;30/11/2023
CANADA BALSEM;CANADA BALSEM;NA, toedienweg 0;;;;Yes;Laura N;30/11/2023
CARBOMEER 1382;CARBOMEER 1382;NA, toedienweg 0;;;;Yes;Laura N;30/11/2023
CHLOORALLYLHEXAMINIUM CHLORIDE;CHLORALLYLHEXAMINIUM CHLORIDE;NA, toedienweg 0;;;;Yes;Laura N;30/11/2023
CHLOORXYLENOL;CHLOROXYLENOL;NA, toedienweg 0;;;;Yes;Laura N;30/11/2023
CHLOROFORM;CHLOROFORM;NA, toedienweg 0;;;;Yes;Laura N;30/11/2023
COCOAMIDOPROPYLBETAINE;COCAMIDOPROPYL BETAINE;NA, toedienweg 0;;;;Yes;Laura N;30/11/2023
COCOBETAINE;COCOBETAINE;NA, toedienweg 0;;;;Yes;Laura N;30/11/2023
CYCLOMETHICON;CYCLOMETHICON;NA, toedienweg 0;;;;Yes;Laura N;30/11/2023
DDAIP HYDROCHLORIDE;DDAIP HYDROCHLORIDE;NA, toedienweg 0;;;;Yes;Laura N;30/11/2023
DENATONIUM BENZOAAT-1-WATER;DENATONIUM BENZOATE-1-WATER;NA, toedienweg 0;;;;Yes;Laura N;30/11/2023
DENNENAALD OLIE;PINE NEEDLE OIL;NA, toedienweg 0;;;;Yes;Laura N;30/11/2023
DIBUTYLADIPAAT;DIBUTYL ADIPATE;NA, toedienweg 0;;;;Yes;Laura N;30/11/2023
DIISOPROPYLSEBACAAT;DIISOPROPYLSEBACATE;NA, toedienweg 0;;;;Yes;Laura N;30/11/2023
DIMETHYLETHER;DIMETHYLETHER;NA, toedienweg 0;;;;Yes;Laura N;30/11/2023
DIMETICONCOPOLYMEER;DIMETICON COPOLYMER;NA, toedienweg 0;;;;Yes;Laura N;30/11/2023
DINATRIUMLAURYLSULFOSUCCINAAT;DISODIUM LAURYL SULFOSUCCINATE;NA, toedienweg 0;;;;Yes;Laura N;30/11/2023
DINATRIUMMONOLAURETHSULFOSUCCINAAT;DISODIUM MONOLAURYLSULFOSUCCINATE;NA, toedienweg 0;;;;Yes;Laura N;30/11/2023
EMPIGEN BB;EMPIGEN BB;NA, toedienweg 0;;;;Yes;Laura N;30/11/2023
ETHER;ETHER;NA, toedienweg 0;;;;Yes;Laura N;30/11/2023
EUCERINE;EUCERINE;NA, toedienweg 0;;;;Yes;Laura N;30/11/2023
FENYLKWIK(II)NITRAAT;PHENYLMERCURY(II)NITRATE;NA, toedienweg 0;;;;Yes;Laura N;30/11/2023
FLUORESCEINE DINATRIUM;FLUORESCEIN DISODIUM;NA, toedienweg 0;;;;Yes;Laura N;30/11/2023
GEURSTOF, GEUR ONBEKEND;ODORANT, ODOR UNKNOWN;NA, toedienweg 0;;;;Yes;Laura N;30/11/2023
GLYCEROLPOLYETHYLEENGLYCOLOXYSTEARAAT;Glycerol-Polyethylene Glycol Oxystearate;NA, toedienweg 0;;;;Yes;Laura N;30/11/2023
GLYCERYLMONOLAURAAT;GLYCERYL MONOLAURATE;NA, toedienweg 0;;;;Yes;Laura N;30/11/2023
GLYCERYLMONOMYRISTAAT;GLYCERYL MYRISTATE;NA, toedienweg 0;;;;Yes;Laura N;30/11/2023
GLYCERYLMONORICINOLAAT;Glyceryl monoricinoleate;NA, toedienweg 0;;;;Yes;Laura N;30/11/2023
GLYCERYLMONOSTEARAAT + MACROGOLSTEARAAT;GLYCERYL MONOSTEARATE + MACROGOLSTEARATE;NA, toedienweg 0;;;;Yes;Laura N;30/11/2023
GLYCOLSALICYLAAT;GLYCOL SALICYLATE;NA, toedienweg 0;;;;Yes;Laura N;30/11/2023
HARSESTER;RESIN ETHER;NA, toedienweg 0;;;;Yes;Laura N;30/11/2023
INVERTSUIKER;INVERT SUGAR;NA, toedienweg 0;;;;Yes;Laura N;30/11/2023
IRGANOX 1010;IRGANOX 1010;NA, toedienweg 0;;;;Yes;Laura N;30/11/2023
ISOFTAALZUUR;ISOPHTHALIC ACID;NA, toedienweg 0;;;;Yes;Laura N;30/11/2023
ISO-OCTYLACRYLAATACRYLAMIDECOPOLYMEER;ISO-OCTYL ACRYLATE ACRYLAMIDE COPOLYMER;NA, toedienweg 0;;;;Yes;Laura N;30/11/2023
ISOPROPYLISOSTEARAAT;ISOPROPYL ISOSTEARATE;NA, toedienweg 0;;;;Yes;Laura N;30/11/2023
ISOPROPYLPALMITAAT;ISOPROPYL PALMITATE;NA, toedienweg 0;;;;Yes;Laura N;30/11/2023
KALIUMCITRAAT 0-WATER;POTASSIUM CITRATE 0-WATER;NA, toedienweg 0;;;;Yes;Laura N;30/11/2023
KALIUMJODIDE;POTASSIUM IODIDE;NA, toedienweg 0;;;;Yes;Laura N;30/11/2023
KALIUMNITRAAT;POTASSIUM NITRATE;NA, toedienweg 0;;;;Yes;Laura N;30/11/2023
KOKOSVETZUURDIETHANOLAMIDE;COCONUT FATTY ACID DIETHANOLAMIDE;NA, toedienweg 0;;;;Yes;Laura N;30/11/2023
LAURAMINEOXIDE;LAURAMINE OXIDE;NA, toedienweg 0;;;;Yes;Laura N;30/11/2023
LAURDIMONIUM PROTEINEHYDROLYSAAT, DIERLIJK;LAURDIMONIUM PROTEIN HYDROLYSATE, ANIMAL;NA, toedienweg 0;;;;Yes;Laura N;30/11/2023
LAURETH 4;LAURETH 4;NA, toedienweg 0;;;;Yes;Laura N;30/11/2023
LAURINEZUURDIETHANOLAMIDE;LAURIC ACID DIETHANOLAMIDE;NA, toedienweg 0;;;;Yes;Laura N;30/11/2023
LAURINEZUURETHYLESTER;LAURIC ACID ETHYL ESTER;NA, toedienweg 0;;;;Yes;Laura N;30/11/2023
LEVULINEZUUR;LEVULIN ACID;NA, toedienweg 0;;;;Yes;Laura N;30/11/2023
MACROGOL 20;MACROGOL 20;NA, toedienweg 0;;;;Yes;Laura N;30/11/2023
MACROGOL(10)STEARYLETHER;MACROGOL(10)STEARYL ETHER;NA, toedienweg 0;;;;Yes;Laura N;30/11/2023
MACROGOL(120)METHYLGLUCOSEDIOLEAAT;MACROGOL(120)METHYLGLUCOSEDIOLEATE;NA, toedienweg 0;;;;Yes;Laura N;30/11/2023
MACROGOL(7)GLYCERYLCOCOAAT;MACROGOL(7)GLYCERYL COCOATE;NA, toedienweg 0;;;;Yes;Laura N;30/11/2023
MACROGOL(7)STEARYLETHER;MACROGOL(7)STEARYL ETHER;NA, toedienweg 0;;;;Yes;Laura N;30/11/2023
MACROGOL(N)CETYLETHER;MACROGOL(N)CETYL ETHER;NA, toedienweg 0;;;;Yes;Laura N;30/11/2023
MACROGOL-20-GLYCEROLMONOSTEARAAT;MACROGOL-20-GLYCEROL MONOSTEARATE;NA, toedienweg 0;;;;Yes;Laura N;30/11/2023
MACROGOL-5-GLYCEROLMONOSTEARAAT;MACROGOL-5-GLYCEROL MONOSTEARATE;NA, toedienweg 0;;;;Yes;Laura N;30/11/2023
MAIS OLIE;CORN OIL;NA, toedienweg 0;;;;Yes;Laura N;30/11/2023
MEA-LAURYLSULFAAT;MEA-LAURYL SULFATE;NA, toedienweg 0;;;;Yes;Laura N;30/11/2023
METHYLETHYLKETON;METHYL ETHYL KETONE;NA, toedienweg 0;;;;Yes;Laura N;30/11/2023
NATRIUMCARBONAAT 10-WATER;SODIUM CARBONATE 10-WATER;NA, toedienweg 0;;;;Yes;Laura N;30/11/2023
NATRIUMCETOSTEARYLSULFAAT;SODIUM CETOSTEARYL SULFATE;NA, toedienweg 0;;;;Yes;Laura N;30/11/2023
NATRIUMCHROMAAT;SODIUM CHROMATE;NA, toedienweg 0;;;;Yes;Laura N;30/11/2023
NATRIUMJODAAT;SODIUM IODIDE;NA, toedienweg 0;;;;Yes;Laura N;30/11/2023
NONYLFENOXYPOLYETHYLEENOXYETHANOLSULFAATAMMONIUM;NONYLPHENOXYPOLYETHYLENEOXYETHANOL SULFATE AMMONIUM;NA, toedienweg 0;;;;Yes;Laura N;30/11/2023
OCTISALAAT;OCTISALATE;NA, toedienweg 0;;;;Yes;Laura N;30/11/2023
OXYCHINOLINE;oxyquinoline;NA, toedienweg 0;;;;Yes;Laura N;30/11/2023
PENTADECALACTON;PENTADECALACTONE;NA, toedienweg 0;;;;Yes;Laura N;30/11/2023
PIJNBOOMESSENCE;PINE ESSENCE;NA, toedienweg 0;;;;Yes;Laura N;30/11/2023
POLOXAMEER 182;POLOXAMEER 182;NA, toedienweg 0;;;;Yes;Laura N;30/11/2023
POLYBUTEEN;POLYBUTEEN;NA, toedienweg 0;;;;Yes;Laura N;30/11/2023
POLYISOBUTEEN;POLYISOBUTEEN;NA, toedienweg 0;;;;Yes;Laura N;30/11/2023
POLYOXYETHYLEEN(22)CETYLSTEARYLETHER;POLYOXYETHYLENE(22)CETYLSTEARYL ETHER;NA, toedienweg 0;;;;Yes;Laura N;30/11/2023
POLYOXYETHYLEEN(30)STEARAAT;POLYOXYETHYLENE(30)STEARATE;NA, toedienweg 0;;;;Yes;Laura N;30/11/2023
POLYOXYETHYLEENCETYLETHER;POLYOXYETHYLENECETYLETHER;NA, toedienweg 0;;;;Yes;Laura N;30/11/2023
POLYOXYETHYLEENPOLYOXYPROPYLEENPOLYMEER;POLYOXYETHYLENE POLYOXYPROPYLENE POLYMER;NA, toedienweg 0;;;;Yes;Laura N;30/11/2023
POLYOXYPROPYLEEN(11)STEARYLETHER;POLYOXYPROPYLENE(11)STEARYL ETHER;NA, toedienweg 0;;;;Yes;Laura N;30/11/2023
POLYOXYPROPYLEEN(15)STEARYLETHER;POLYOXYPROPYLENE(15)STEARYL ETHER;NA, toedienweg 0;;;;Yes;Laura N;30/11/2023
POLYQUATERNIUM-10;POLYQUATERNIUM-10;NA, toedienweg 0;;;;Yes;Laura N;30/11/2023
PROTEINEHYDROLYSAAT;PROTEIN HYDROLYSATE;NA, toedienweg 0;;;;Yes;Laura N;30/11/2023
PYROXYLINE;PYROXYLINE;NA, toedienweg 0;;;;Yes;Laura N;30/11/2023
REUZEL;REUZEL;NA, toedienweg 0;;;;Yes;Laura N;30/11/2023
ROSINEGLYCEROLESTER, GEHYDROGENEERD;ROSIN GLYCEROL ESTER, HYDROGENATED;NA, toedienweg 0;;;;Yes;Laura N;30/11/2023
ROZEMARIJN OLIE;ROSEMARY OIL;NA, toedienweg 0;;;;Yes;Laura N;30/11/2023
SILICONENPOLYETHYLEENTEREFTALAAT;SILICONE POLYETHYLENE TEREPHTHALATE;NA, toedienweg 0;;;;Yes;Laura N;30/11/2023
SORBAAT NATRIUM;SORBATE SODIUM;NA, toedienweg 0;;;;Yes;Laura N;30/11/2023
SQUALAN;SQUALANE;NA, toedienweg 0;;;;Yes;Laura N;30/11/2023
STEARAAT KALIUM;STEARATE POTASSIUM;NA, toedienweg 0;;;;Yes;Laura N;30/11/2023
STEARALKONIUMCHLORIDE;STEARALKONIUM CHLORIDE;NA, toedienweg 0;;;;Yes;Laura N;30/11/2023
STYREEN-ISOPREENCOPOLYMEER;STYRENE-ISOPRENE COPOLYMER;NA, toedienweg 0;;;;Yes;Laura N;30/11/2023
TROLAMINELAURYLSULFAAT;TROLAMINE LAURYL SULFATE;NA, toedienweg 0;;;;Yes;Laura N;30/11/2023
VETZUURMACROGOLESTER;FATTY ACID MACROGOLESTER;NA, toedienweg 0;;;;Yes;Laura N;30/11/2023
WOLVET, GE-ETHOXYLEERD;WOOL GREASE, ETHOXYLATED;NA, toedienweg 0;;;;Yes;Laura N;30/11/2023
C1-ESTERASEREMMER ;C1 ESTERASE INHIBITOR (API);;;;;;;
CETIOL HE (OUD);CETIOL HE (OLD);;;;;;;
DEXPANTHENOL;DEXPANTHENOL;;;;;;;
KALIUMPYROSULFIET;POTASSIUM PYROSULFITE;;;;;;;
SULESOMAB ;SULESOMAB (API);;;;;;;
